GO,ID,Description,NES,p.adjust,core_enrichment,Database,Functional_Module
GO:0099003,GO:0099003,Vesicle-Mediated Transport in Synapse,-2.984553837,8.72E-08,5867/529/8775/164/9296/805/526/9114/523/535/5582/528/396/1211/23396/6855/534/274/10396/9900/1173/26052/23154/9892/51606/10815/161/80331/9135/8541/1020/5534/57465/163/1212/160/28964/57030/1487/22848/6844/8943/3208/6623/5874/273/1759/9899/6853/8927/5413/63908/84251/6854/5864/8120/6456/6622/112755/29993/6857/6616/8867/112476/9829/8618/6812/6804/9066/10814/22895/5532,GOBP,Synaptic regulation
GO:0099504,GO:0099504,Synaptic Vesicle Cycle,-2.957143782,8.72E-08,8775/164/9296/526/9114/523/535/5582/528/396/1211/23396/6855/534/274/10396/9900/1173/26052/9892/51606/10815/161/80331/8541/1020/5534/57465/163/1212/160/28964/57030/1487/6844/8943/6623/5874/273/1759/9899/6853/8927/5413/63908/84251/6854/5864/8120/6456/6622/112755/29993/6857/6616/8867/112476/9829/8618/6812/6804/9066/10814/22895/5532,GOBP,Synaptic regulation
GO:0036465,GO:0036465,Synaptic Vesicle Recycling,-2.742211451,8.72E-08,23396/274/10396/1173/26052/9892/161/1020/57465/163/1212/160/28964/57030/1487/6844/8943/6623/5874/273/1759/84251/5864/8120/6456/6622/112755/29993/8867/9829/6804/9066/5532,GOBP,Synaptic regulation
GO:0140238,GO:0140238,Presynaptic Endocytosis,-2.701931151,8.72E-08,23396/274/10396/1173/26052/9892/161/1020/57465/163/1212/160/57030/1487/22848/6844/8943/6623/5874/273/1759/84251/8120/6456/6622/29993/8867/9829/6804/9066/5532,GOBP,Synaptic regulation
GO:0048488,GO:0048488,Synaptic Vesicle Endocytosis,-2.687591067,8.72E-08,23396/274/10396/1173/26052/9892/161/1020/57465/163/1212/160/57030/1487/6844/8943/6623/5874/273/1759/84251/8120/6456/6622/29993/8867/9829/6804/9066/5532,GOBP,Synaptic regulation
GO:0007269,GO:0007269,Neurotransmitter Secretion,-2.647853714,8.72E-08,23396/6855/815/9900/10815/80331/8541/1020/28964/6844/6623/9899/6853/5413/63908/6854/5864/6622/112755/57512/6857/6616/8867/112476/8618/6812/6804/9066/10814/22895,GOBP,Synaptic regulation
GO:0099643,GO:0099643,Signal Release From Synapse,-2.647853714,8.72E-08,23396/6855/815/9900/10815/80331/8541/1020/28964/6844/6623/9899/6853/5413/63908/6854/5864/6622/112755/57512/6857/6616/8867/112476/8618/6812/6804/9066/10814/22895,GOBP,Synaptic regulation
GO:0070507,GO:0070507,Regulation of Microtubule Cytoskeleton Organization,-2.675751714,1.01E-07,2931/4131/5048/10982/9793/2288/1213/1639/6904/4137/4130/10382/28964/3925/22924/4133/55605/23122/2770/22911/11076/4135/6622/5058,GOBP,Microtubule organisation
GO:0016079,GO:0016079,Synaptic Vesicle Exocytosis,-2.653368848,1.32E-07,10815/80331/8541/1020/28964/6844/9899/6853/5413/63908/5864/6622/112755/6857/6616/8867/112476/8618/6812/6804/9066/10814/22895,GOBP,Synaptic regulation
GO:0017156,GO:0017156,Calcium-Ion Regulated Exocytosis,-2.554690063,7.82E-06,1020/6844/6854/5864/112755/6857/6616/8618/6812/6804/9066/22895/5532,GOBP,Synaptic regulation
GO:0097479,GO:0097479,Synaptic Vesicle Localization,-2.543551811,1.20E-05,26052/9892/1020/4133/1487/8943/1759/6853/8927/3800/6854/5864/8120/6622/8867,GOBP,Synaptic regulation
GO:0140029,GO:0140029,Exocytic Process,-2.533637345,1.20E-05,5413/63908/5864/6622/112755/6857/6616/8867/112476/6812/6804/9066/10814/22895,GOBP,Endoplasmic reticulum and secretory pathway
GO:0032886,GO:0032886,Regulation of Microtubule-Based Process,-2.47045464,1.20E-05,2931/4131/5048/10982/9793/2288/1213/1639/6904/10015/4137/4130/10382/28964/3925/22924/4133/55605/23122/2770/22911/11076/4135/6622/5058/9475,GOBP,Microtubule organisation
GO:0006836,GO:0006836,Neurotransmitter Transport,-2.450728213,1.20E-05,10211/23396/6855/815/9900/388662/10815/80331/8541/1020/28964/57030/6844/6623/9899/6853/5413/63908/6854/5864/6622/112755/57512/6857/6616/8867/112476/8618/6812/6804/9066/10814/22895,GOBP,Synaptic regulation
GO:0045055,GO:0045055,Regulated Exocytosis,-2.410079405,1.20E-05,10815/80331/8541/1020/28964/6844/11151/9899/6853/5413/63908/6854/5864/6622/112755/6857/6616/8867/112476/8618/6812/6804/9066/10814/22895/5532,GOBP,Synaptic regulation
GO:0006887,GO:0006887,Exocytosis,-2.290069661,1.20E-05,10815/10015/80331/8541/1020/28964/7447/4905/23122/6844/11151/115827/5874/9899/6853/5413/63908/6854/5864/6622/112755/6857/6616/8867/112476/5058/8618/6812/6804/9066/10814/22895/5532,GOBP,Synaptic regulation
GO:0001956,GO:0001956,Positive Regulation of Neurotransmitter Secretion,-2.113415865,1.20E-05,112755/57512/6857/6812/6804,GOBP,Synaptic regulation
GO:0031110,GO:0031110,Regulation of Microtubule Polymerization or Depolymerization,-2.525468541,1.91E-05,4131/10982/9793/2288/1639/6904/4137/4130/10382/28964/3925/22924/4133/55605/23122/22911/6622/5058,GOBP,Microtubule organisation
GO:0051648,GO:0051648,Vesicle Localization,-2.387375609,2.53E-05,8452/5861/10987/8027/5048/9146/10540/1639/4644/26052/9892/10015/1020/4133/1487/23122/8943/1759/6853/8927/5413/3800/6854/5864/8120/6622/6616/8867/8618/6812,GOBP,Synaptic regulation
GO:0016050,GO:0016050,Vesicle Organization,-2.19272391,7.89E-05,8615/529/8417/164/9296/526/8452/9114/523/5861/23673/535/9218/51552/528/8027/5048/53916/9146/6855/534/51534/162/1173/9217/26052/9892/51606/10815/10015/6844/8943/11151/1759/5864/8120/6622/112755/6857/6616/8867/112476/1742/6812/6804/9066/10814/22895,GOBP,Synaptic regulation
GO:0014823,GO:0014823,Response To Activity,2.40440586,0.000111755,1291/7384/3673/302/6648/3688/3033/847/210/1605,GOBP,Synaptic regulation
GO:0048791,GO:0048791,Calcium Ion-Regulated Exocytosis of Neurotransmitter,-2.169259443,0.00021513,5864/112755/6857/6616/6812/9066,GOBP,Synaptic regulation
GO:0023061,GO:0023061,Signal Release,-2.098703519,0.00027191,10815/80331/8541/1020/28964/7447/2781/5530/6844/2912/6623/2029/9899/6853/5413/63908/6854/5864/6622/112755/23236/57512/6857/6616/8867/112476/8618/6812/6804/9066/10814/22895/5532,GOBP,Synaptic regulation
GO:0015980,GO:0015980,Energy Derivation By Oxidation of Organic Compounds,2.183865904,0.000272258,1291/7385/7384/4719/1327/1329/4704/6648/1537/1340/9377/1312/6389/55847/7381/847/2548/4513/37/5160/2992/5162/1431/50/1738,GOBP,Mitochondria and metabolism
GO:0031113,GO:0031113,Regulation of Microtubule Polymerization,-2.39175018,0.000278391,4131/9793/2288/1639/6904/4137/10382/28964/3925/22924/4133/55605/23122/6622/5058,GOBP,Microtubule organisation
GO:0048489,GO:0048489,Synaptic Vesicle Transport,-2.337878334,0.000350784,26052/9892/1020/4133/8943/1759/3800/5864/8120/6622/8867,GOBP,Synaptic regulation
GO:0009617,GO:0009617,Response To Bacterium,2.165884106,0.000350784,4129/1291/3032/3240/10935/6648/3123/824/57088/718/306/1728/3684/210/4360/7431/4057/249/857/3507/351/2209/445/3106/128/3493/3500/6223/2950,GOBP,Immune Response and Regulation
GO:0031629,GO:0031629,Synaptic Vesicle Fusion to Presynaptic Active Zone Membrane,-2.281422536,0.000357816,5864/112755/6857/6616/112476/6812/9066/10814/22895,GOBP,Synaptic regulation
GO:0099500,GO:0099500,Vesicle Fusion To Plasma Membrane,-2.281422536,0.000357816,5864/112755/6857/6616/112476/6812/9066/10814/22895,GOBP,Synaptic regulation
GO:0051650,GO:0051650,Establishment of Vesicle Localization,-2.26566526,0.000357816,8452/5861/10987/8027/5048/9146/10540/1639/4644/26052/9892/10015/1020/4133/23122/8943/1759/5413/3800/5864/8120/6622/6616/8867/8618/6812,GOBP,Extracellular matrix and adhesion
GO:0034975,GO:0034975,Protein Folding in Endoplasmic Reticulum,2.061471279,0.000357816,2923/5034/3309/811/821/7184,GOBP,Endoplasmic reticulum and secretory pathway
GO:2001233,GO:2001233,Regulation Of Apoptotic Signaling Pathway,2.157308832,0.000379,960/3383/293/291/7417/6648/2923/5034/4976/2266/5788/3655/10961/857/10449/3958/351,GOBP,Apoptosis
GO:0006119,GO:0006119,Oxidative Phosphorylation,2.281666742,0.000387435,7385/7384/4719/1327/1329/4704/1537/1340/9377/6389/7381/4513,GOBP,Mitochondria and metabolism
GO:0031630,GO:0031630,Regulation of Synaptic Vesicle Fusion to Presynaptic Active Zone Membrane,-2.172647305,0.000400596,10815/5864/6857/112476/6812/9066/10814/22895,GOBP,Synaptic regulation
GO:1901632,GO:1901632,Regulation of Synaptic Vesicle Membrane Organization,-2.172647305,0.000400596,10815/5864/6857/112476/6812/9066/10814/22895,GOBP,Synaptic regulation
GO:0046928,GO:0046928,Regulation of Neurotransmitter Secretion,-2.33834777,0.000451598,28964/6623/9899/6853/5413/5864/6622/112755/57512/6857/6812/6804,GOBP,Synaptic regulation
GO:0022900,GO:0022900,Electron Transport Chain,2.286468164,0.00048391,7385/7384/4719/1327/1329/4704/6648/1537/1340/9377/6389/7381/4513,GOBP,Mitochondria and metabolism
GO:0022904,GO:0022904,Respiratory Electron Transport Chain,2.286468164,0.00048391,7385/7384/4719/1327/1329/4704/6648/1537/1340/9377/6389/7381/4513,GOBP,Mitochondria and metabolism
GO:0000226,GO:0000226,Microtubule Cytoskeleton Organization,-2.05371616,0.000655711,1739/5902/55968/2931/4131/5048/10982/9793/5518/10383/2288/1213/10376/10540/1639/6904/7461/10015/4137/1020/4130/10382/28964/10381/3925/22924/7280/4133/55605/23122/7277/2770/22911/11076/4135/3796/6622/5058/9475,GOBP,Microtubule organisation
GO:0007409,GO:0007409,Axonogenesis,-2.051805506,0.000655711,5063/7345/4137/26999/1020/4130/11344/10381/3925/22902/51062/4133/55605/23122/22911/288/5604/3800/4135/5864/2596/10458/6616/5058/6812/2043/5532/91584,GOBP,Microtubule organisation
GO:0031109,GO:0031109,Microtubule Polymerization or Depolymerization,-2.299190719,0.000709011,4131/10982/9793/2288/1639/6904/4137/4130/10382/28964/3925/22924/4133/55605/23122/22911/11076/3796/6622/5058,GOBP,Microtubule organisation
GO:0009636,GO:0009636,Response To Toxic Substance,2.081386376,0.000709011,4129/1356/1291/5445/3240/10935/6648/1312/2052/847/9588/1728/1066/210/445/2944/128/4357/2950/5052/216/2946/2947/2876/2098/2936,GOBP,Mitochondria and metabolism
GO:0017157,GO:0017157,Regulation of Exocytosis,-2.138642052,0.000777473,10815/10015/1020/28964/7447/4905/23122/6844/115827/5874/9899/6853/5413/5864/6622/6857/8618/6812/6804/9066/10814/22895,GOBP,Synaptic regulation
GO:0098884,GO:0098884,Postsynaptic Neurotransmitter Receptor Internalization,-2.138164574,0.000777473,1173/23154/161/9135/5534/163/160/3208,GOBP,Synaptic regulation
GO:0099590,GO:0099590,Neurotransmitter Receptor Internalization,-2.138164574,0.000777473,1173/23154/161/9135/5534/163/160/3208,GOBP,Synaptic regulation
GO:0140239,GO:0140239,Postsynaptic Endocytosis,-2.138164574,0.000777473,1173/23154/161/9135/5534/163/160/3208,GOBP,Synaptic regulation
GO:0045333,GO:0045333,Cellular Respiration,2.16036018,0.0008111,1291/7385/7384/4719/1327/1329/4704/6648/1537/1340/9377/6389/55847/7381/847/4513/5160/5162/1431/50/1738,GOBP,Mitochondria and metabolism
GO:0030198,GO:0030198,Extracellular Matrix Organization,2.216522235,0.00095353,1291/57326/3673/302/4035/4629/2670/3915/3913/3688/3908/51144/1605/3936/857/351/7143/102,GOBP,Extracellular matrix and adhesion
GO:0043062,GO:0043062,Extracellular Structure Organization,2.216522235,0.00095353,1291/57326/3673/302/4035/4629/2670/3915/3913/3688/3908/51144/1605/3936/857/351/7143/102,GOBP,Extracellular matrix and adhesion
GO:0045229,GO:0045229,External Encapsulating Structure Organization,2.216522235,0.00095353,1291/57326/3673/302/4035/4629/2670/3915/3913/3688/3908/51144/1605/3936/857/351/7143/102,GOBP,Extracellular matrix and adhesion
GO:0003924,GO:0003924,GTPase Activity,-2.180717755,0.000202048,2782/2783/5869/5901/3265/394/23176/201475/8601/5870/989/2794/55752/57403/26575/5867/2775/55964/203068/11031/388/5861/51552/53916/5911/5862/51560/375/10383/10376/381/11021/81876/26052/10382/23157/10381/2781/7280/51062/2770/1917/10059/115827/5874/11076/1759/5413/5864/6000/10681,GOMF,Peptidase activity
GO:0019001,GO:0019001,Guanyl Nucleotide Binding,-2.087289583,0.000202048,5870/989/2794/55752/57403/29789/5867/2775/55964/203068/11031/388/5861/51552/53916/5911/5862/51560/375/10383/2288/30845/10376/381/55915/11021/81876/26052/10382/23157/10381/2781/7280/51062/7277/2770/1917/10059/115827/5874/1759/5413/5864/5138,GOMF,Immune Response and Regulation
GO:0032561,GO:0032561,Guanyl Ribonucleotide Binding,-2.087289583,0.000202048,5870/989/2794/55752/57403/29789/5867/2775/55964/203068/11031/388/5861/51552/53916/5911/5862/51560/375/10383/2288/30845/10376/381/55915/11021/81876/26052/10382/23157/10381/2781/7280/51062/7277/2770/1917/10059/115827/5874/1759/5413/5864/5138,GOMF,Immune Response and Regulation
GO:0030020,GO:0030020,Extracellular Matrix Structural Constituent Conferring Tensile Strength,1.98082001,0.000202048,1292/1291/1293,GOMF,Extracellular matrix and adhesion
GO:0015453,GO:0015453,Oxidoreduction-Driven Active Transmembrane Transporter Activity,2.189523535,0.000318028,7384/4719/1327/1329/4704/1537/1340/9377/4513,GOMF,Mitochondria and metabolism
GO:0005201,GO:0005201,Extracellular Matrix Structural Constituent,2.311099103,0.000402269,2200/1292/1291/1293/3915/3913/3908/3911/2266/375790,GOMF,Extracellular matrix and adhesion
GO:0005525,GO:0005525,GTP Binding,-2.039993979,0.000512735,5870/989/2794/55752/57403/29789/5867/2775/55964/203068/11031/388/5861/51552/53916/5911/5862/51560/375/10383/2288/30845/10376/381/55915/11021/81876/26052/10382/23157/10381/2781/7280/51062/7277/2770/1917/10059/115827/5874/1759/5413/5864,GOMF,Immune Response and Regulation
GO:0009055,GO:0009055,Electron Transfer Activity,2.260816466,0.000575252,4129/7384/4719/1327/1329/4704/1537/1340/9377/6389/1536/4513,GOMF,Mitochondria and metabolism
GO:0003735,GO:0003735,Structural Constituent Of Ribosome,2.204367352,0.000707686,6222/6136/6202/6139/6137/6187/6124/6147/6181/6175/6223/6191/6122/6130/6129/6138/4736/6189/3921/6203/6128/6125/6217/9045/6201/6205,GOMF,Endoplasmic reticulum and secretory pathway
GO:0017075,GO:0017075,Syntaxin-1 Binding,-2.203783924,0.000707686,4905/6844/6857/6616/112476/6812/10814,GOMF,Synaptic regulation
GO:0015631,GO:0015631,Tubulin Binding,-2.08795109,0.00092793,9218/27101/4131/5048/10982/226/9793/1639/9217/26052/6904/9141/7461/4137/4130/28964/3925/22924/10808/4133/55605/23122/10059/11076/83988/1759/3800/4135/84251/3796/6622/5058,GOMF,Microtubule organisation
GO:0000149,GO:0000149,SNARE Binding,-2.223407806,0.002020656,9892/10815/4905/6844/63908/6622/112755/6857/6616/112476/6812/6804/9066/10814,GOMF,Synaptic regulation
GO:0038024,GO:0038024,Cargo Receptor Activity,2.068348672,0.002181467,4035/6653/950/2350/3959/3684/4360/3689,GOMF,Extracellular matrix and adhesion
GO:0046873,GO:0046873,Metal Ion Transmembrane Transporter Activity,-2.140337352,0.004466374,57468/781/6529/478/11261/55799/8671/493/2823/481/57282/476/8065/6558/8514/6506/3737/23413/6546/6327/3778/491/490/57030/492/6543/6616,GOMF,Mitochondria and metabolism
GO:0019829,GO:0019829,ATPase-Coupled Monoatomic Cation Transmembrane Transporter Activity,-2.136763401,0.00622282,493/481/529/9296/476/526/9114/523/535/528/534/10396/51606/491/490/492,GOMF,Mitochondria and metabolism
GO:0015078,GO:0015078,Proton Transmembrane Transporter Activity,2.07438361,0.008634451,7384/4719/291/5250/1327/1329/4704/1537/1340/9377/8604,GOMF,Mitochondria and metabolism
GO:0008017,GO:0008017,Microtubule Binding,-2.064874975,0.008634451,9218/4131/5048/10982/9793/1639/9217/26052/7461/4137/4130/22924/4133/55605/23122/10059/11076/1759/3800/4135/84251/3796,GOMF,Microtubule organisation
GO:0004859,GO:0004859,Phospholipase Inhibitor Activity,1.886877919,0.008634451,301/302/307/306/308,GOMF,Endoplasmic reticulum and secretory pathway
GO:0055102,GO:0055102,Lipase Inhibitor Activity,1.886877919,0.008634451,301/302/307/306/308,GOMF,Endoplasmic reticulum and secretory pathway
GO:0106310,GO:0106310,Protein Serine Kinase Activity,-2.085521096,0.009822142,5582/2931/1456/57118/9578/815/5063/1020/22848/5604/5058/9475,GOMF,Apoptosis
GO:0042626,GO:0042626,ATPase-Coupled Transmembrane Transporter Activity,-2.060313483,0.013065341,493/481/529/9296/476/526/9114/523/535/528/534/10396/51606/491/490/492,GOMF,Apoptosis
GO:0140993,GO:0140993,Histone Modifying Activity,-1.974844813,0.015144563,4067/2534/5781/5792/2931/1456/5516/9578/283871/57460/5063/5789/1020/5536/22848/5530/57026/5604/9829/5058/2043/9475/5532,GOMF,Cell cycle regulation
GO:0005516,GO:0005516,Calmodulin Binding,-1.952022376,0.018247534,119/4644/6546/491/5534/490/4133/10409/5530/6844/492/4135/2596/23236/6857/6543/9066/5532,GOMF,Endoplasmic reticulum and secretory pathway
GO:0004676,GO:0004676,3-Phosphoinositide-Dependent Protein Kinase Activity,-2.008687591,0.018443653,2931/1456/9578/5063/1020/22848/5058/9475,GOMF,Apoptosis
GO:0004677,GO:0004677,DNA-Dependent Protein Kinase Activity,-2.008687591,0.018443653,2931/1456/9578/5063/1020/22848/5058/9475,GOMF,Cell cycle regulation
GO:0004679,GO:0004679,AMP-Activated Protein Kinase Activity,-2.008687591,0.018443653,2931/1456/9578/5063/1020/22848/5058/9475,GOMF,Apoptosis
GO:0004694,GO:0004694,Eukaryotic Translation Initiation Factor 2 Alpha Kinase Activity,-2.008687591,0.018443653,2931/1456/9578/5063/1020/22848/5058/9475,GOMF,Apoptosis
GO:0004711,GO:0004711,Ribosomal Protein S6 Kinase Activity,-2.008687591,0.018443653,2931/1456/9578/5063/1020/22848/5058/9475,GOMF,Apoptosis
GO:0035175,GO:0035175,Histone H3S10 Kinase Activity,-2.008687591,0.018443653,2931/1456/9578/5063/1020/22848/5058/9475,GOMF,Cell cycle regulation
GO:0035979,GO:0035979,Histone H2Axs139 Kinase Activity,-2.008687591,0.018443653,2931/1456/9578/5063/1020/22848/5058/9475,GOMF,Cell cycle regulation
GO:0044022,GO:0044022,Histone H3S28 Kinase Activity,-2.008687591,0.018443653,2931/1456/9578/5063/1020/22848/5058/9475,GOMF,Cell cycle regulation
GO:0044023,GO:0044023,Histone H4S1 Kinase Activity,-2.008687591,0.018443653,2931/1456/9578/5063/1020/22848/5058/9475,GOMF,Cell cycle regulation
GO:0044024,GO:0044024,Histone H2As1 Kinase Activity,-2.008687591,0.018443653,2931/1456/9578/5063/1020/22848/5058/9475,GOMF,Cell cycle regulation
GO:0044025,GO:0044025,Histone H2Bs14 Kinase Activity,-2.008687591,0.018443653,2931/1456/9578/5063/1020/22848/5058/9475,GOMF,Cell cycle regulation
GO:0072354,GO:0072354,Histone H3T3 Kinase Activity,-2.008687591,0.018443653,2931/1456/9578/5063/1020/22848/5058/9475,GOMF,Cell cycle regulation
GO:0072371,GO:0072371,Histone H2As121 Kinase Activity,-2.008687591,0.018443653,2931/1456/9578/5063/1020/22848/5058/9475,GOMF,Cell cycle regulation
GO:0072518,GO:0072518,Rho-Dependent Protein Serine/Threonine Kinase Activity,-2.008687591,0.018443653,2931/1456/9578/5063/1020/22848/5058/9475,GOMF,Immune Response and Regulation
GO:0140823,GO:0140823,Histone H2Bs36 Kinase Activity,-2.008687591,0.018443653,2931/1456/9578/5063/1020/22848/5058/9475,GOMF,Cell cycle regulation
GO:0140855,GO:0140855,Histone H3S57 Kinase Activity,-2.008687591,0.018443653,2931/1456/9578/5063/1020/22848/5058/9475,GOMF,Cell cycle regulation
GO:0140857,GO:0140857,Histone H3T45 Kinase Activity,-2.008687591,0.018443653,2931/1456/9578/5063/1020/22848/5058/9475,GOMF,Cell cycle regulation
GO:0140995,GO:0140995,Histone H2A Kinase Activity,-2.008687591,0.018443653,2931/1456/9578/5063/1020/22848/5058/9475,GOMF,Cell cycle regulation
GO:0140997,GO:0140997,Histone H4 Kinase Activity,-2.008687591,0.018443653,2931/1456/9578/5063/1020/22848/5058/9475,GOMF,Cell cycle regulation
GO:0140998,GO:0140998,Histone H2B Kinase Activity,-2.008687591,0.018443653,2931/1456/9578/5063/1020/22848/5058/9475,GOMF,Cell cycle regulation
GO:1990244,GO:1990244,Histone H2At120 Kinase Activity,-2.008687591,0.018443653,2931/1456/9578/5063/1020/22848/5058/9475,GOMF,Cell cycle regulation
GO:0030414,GO:0030414,Peptidase Inhibitor Activity,1.98763808,0.018443653,1293/302/2/720/6653/718/4057/5265/351/1992,GOMF,Peptidase activity
GO:0004866,GO:0004866,Endopeptidase Inhibitor Activity,1.984380306,0.018443653,1293/302/2/720/6653/718/4057/5265/351/1992/5621,GOMF,Peptidase activity
GO:0015035,GO:0015035,Protein-Disulfide Reductase Activity,1.966840487,0.018443653,9601/10130/2923/5034,GOMF,Apoptosis
GO:0005178,GO:0005178,Integrin Binding,1.929123776,0.018443653,2200/3383/3673/2670/3679/5034/811/3913/3688/3911/3691/3655/3684/3689/3936/7094/2246/351/102/10979/83700/3611/3693/1956/4240/7402/928/975,GOMF,Extracellular matrix and adhesion
GO:0019866,GO:0019866,Organelle Inner Membrane,2.815348514,8.19E-09,7385/7384/94081/3032/4719/3030/293/10989/2820/291/5250/1327/1329/4704/1537/1340/4976/9377/11331/8604/6389/7381/3329/8402/4513/37/3958/351/3313,GOCC,Mitochondria and metabolism
GO:0005788,GO:0005788,Endoplasmic Reticulum Lumen,2.8026239,8.19E-09,2200/1356/1292/1291/1293/9601/5589/720/10130/2923/23193/5034/3309/811/821/3915/7184/3913/813/5479/2266/718/1066/10961/8404/1605/4924/5265/351,GOCC,Endoplasmic reticulum and secretory pathway
GO:0005743,GO:0005743,Mitochondrial Inner Membrane,2.796152909,8.19E-09,7385/7384/94081/3032/4719/3030/293/10989/2820/291/5250/1327/1329/4704/1537/1340/4976/9377/11331/8604/6389/7381/3329/8402/4513/37/3958/351/3313,GOCC,Mitochondria and metabolism
GO:0031966,GO:0031966,Mitochondrial Membrane,2.679577111,8.19E-09,4129/7385/7384/94081/3032/4719/3030/293/10989/2820/4128/291/5250/1327/7417/1329/4704/7416/1537/1340/4976/9377/11331/821/8604/6389/55847/7381/7419/10493/1727/3329/8402/4513/37/249/6652/3958/351/3313,GOCC,Mitochondria and metabolism
GO:0008021,GO:0008021,Synaptic Vesicle,-2.676377079,8.19E-09,8417/9296/526/9114/523/23673/535/9522/10987/528/1211/6855/534/274/10396/9900/388662/162/1173/9892/51606/80331/490/23157/1212/160/57030/6844/10059/115827/5874/273/9899/6853/8927/5413/6854/5864/6622/6857/6616/112476/1742/6804/9066/22895,GOCC,Synaptic regulation
GO:0005740,GO:0005740,Mitochondrial Envelope,2.652331568,8.19E-09,4129/7385/7384/94081/3032/4719/3030/293/10989/2820/4128/291/5250/1327/7417/1329/4704/7416/1537/1340/4976/9377/11331/821/8604/6389/55847/7381/7419/10493/1727/3329/8402/4513/37/249/6652/3958/351/3313,GOCC,Mitochondria and metabolism
GO:0070382,GO:0070382,Exocytic Vesicle,-2.650769108,8.19E-09,8417/9296/526/9114/523/23673/535/9522/10987/528/1211/6855/534/274/10396/9900/388662/162/1173/9892/51606/80331/490/23157/1212/160/57030/6844/10059/115827/5874/273/9899/6853/8927/5413/6854/5864/6622/6857/6616/112476/1742/6804/9066/22895,GOCC,Extracellular matrix and adhesion
GO:0030312,GO:0030312,External Encapsulating Structure,2.454700775,8.19E-09,2200/1292/1291/1293/954/301/3383/302/2/811/3915/7184/3913/307/3908/3911/2266/308/3691/3959/8404/51144/375790/1605/249/4059/1509/2246/3958/5265/1992/2734/7143/1508/5660/3263,GOCC,Extracellular matrix and adhesion
GO:0031012,GO:0031012,Extracellular Matrix,2.454700775,8.19E-09,2200/1292/1291/1293/954/301/3383/302/2/811/3915/7184/3913/307/3908/3911/2266/308/3691/3959/8404/51144/375790/1605/249/4059/1509/2246/3958/5265/1992/2734/7143/1508/5660/3263,GOCC,Extracellular matrix and adhesion
GO:0030672,GO:0030672,Synaptic Vesicle Membrane,-2.699024759,8.69E-09,529/9296/526/9114/523/23673/535/9522/528/1211/6855/534/274/10396/9900/388662/51606/80331/490/1212/57030/6844/10059/115827/5874/273/9899/6853/8927/6854/5864/6622/6857/112476/6804/9066/22895,GOCC,Synaptic regulation
GO:0099501,GO:0099501,Exocytic Vesicle Membrane,-2.699024759,8.69E-09,529/9296/526/9114/523/23673/535/9522/528/1211/6855/534/274/10396/9900/388662/51606/80331/490/1212/57030/6844/10059/115827/5874/273/9899/6853/8927/6854/5864/6622/6857/112476/6804/9066/22895,GOCC,Extracellular matrix and adhesion
GO:0150034,GO:0150034,Distal Axon,-2.581186126,1.55E-08,274/3737/2288/1400/7070/7162/10540/3831/4644/6546/10815/4137/1020/6624/57465/11344/23157/28964/10381/22902/4133/55605/1525/22848/23122/10409/8943/22911/6623/3800/5864/6622/2596/29993/6543/6616/8867/112476/2043/10814,GOCC,Synaptic regulation
GO:0042734,GO:0042734,Presynaptic Membrane,-2.634710224,4.84E-08,1211/6506/6855/57863/3737/1173/9892/5789/491/490/1212/93185/2912/492/1759/4185/112755/57512/6857/6616/112476/9829/10681/2913/6812/9066/2043/5138,GOCC,Synaptic regulation
GO:0062023,GO:0062023,Collagen-Containing Extracellular Matrix,2.360142741,1.29E-07,2200/1292/1291/1293/954/301/3383/302/2/811/3915/7184/3913/307/3908/3911/2266/308/3691/3959/8404/375790/1605/4059/1509/3958/5265/1992/7143/1508/5660/3263,GOCC,Extracellular matrix and adhesion
GO:1990204,GO:1990204,Oxidoreductase Complex,2.516518794,1.42E-07,7385/7384/3032/4719/3030/1327/1329/4704/1537/1340/5034/9377/6389/7381/847/1727/1536/4513,GOCC,Mitochondria and metabolism
GO:0005759,GO:0005759,Mitochondrial Matrix,2.405668106,1.42E-07,3032/4719/3030/10935/7417/4704/6648/7416/6389/3033/3329/4513/37/1666/7263/1891/50808/3336/10449/11112/5160/501/55347/3313/8508/5162/1431/1892/38/50/1738/6742/4357/708/1737/217/2746/2876/2936/18/8659/7915/4329/34/3418/1743/2806,GOCC,Mitochondria and metabolism
GO:0030658,GO:0030658,Transport Vesicle Membrane,-2.475777014,2.16E-07,8615/529/164/9296/526/9114/523/5861/23673/535/9522/528/1211/6855/534/274/1213/10396/9900/388662/162/762/51606/80331/490/1212/160/57030/6844/10059/115827/5874/83988/273/9899/6853/8927/4135/6854/5864/6622/6857/112476/6804/9066/22895,GOCC,Extracellular matrix and adhesion
GO:0098803,GO:0098803,Respiratory Chain Complex,2.345423896,3.25E-07,7385/7384/4719/1327/1329/4704/1537/1340/9377/6389/7381/4513,GOCC,Mitochondria and metabolism
GO:0097060,GO:0097060,Synaptic Membrane,-2.366695774,5.07E-07,1399/1739/5582/10243/1211/6506/5911/6855/5064/57863/3737/1173/26052/9892/5789/3778/491/490/1212/93185/9568/2912/1740/492/1759/4185/288/112755/57512/6857/10458/6616/8867/112476/9829/10681/1742/2913/6812/9066/2043/5138/22895,GOCC,Synaptic regulation
GO:0030133,GO:0030133,Transport Vesicle,-2.272094455,2.24E-06,8615/529/8417/164/9296/526/9114/523/5861/23673/535/9522/51552/10987/528/1211/6855/534/274/1213/10396/9900/388662/81876/162/762/1173/9892/51606/80331/490/23157/1212/160/57030/6844/10059/115827/5874/83988/273/9899/6853/8927/5413/4135/6854/5864/6622/6857/6616/112476/1742/6804/9066/22895,GOCC,Extracellular matrix and adhesion
GO:0044306,GO:0044306,Neuron Projection Terminus,-2.466019921,2.58E-06,57282/805/9114/5582/6506/6855/274/3737/7162/6546/7345/10815/57465/23157/28964/22848/6844/8943/6623/8927/5864/6622/29993/6857/6543/10458/8867/112476/1742/2043/10814,GOCC,Synaptic regulation
GO:0005874,GO:0005874,Microtubule,-2.309286061,3.74E-06,203068/7178/805/8452/1739/4131/5048/8514/10982/9793/10383/2288/1213/10376/10540/1639/3831/26052/6904/7461/4137/1020/4130/10382/10381/3925/22924/10808/7280/4133/55605/23122/7277/10059/22911/11076/1759/3800/4135/3796/10458/8867,GOCC,Microtubule organisation
GO:0099568,GO:0099568,Cytoplasmic Region,-2.411581311,4.61E-06,10383/1639/7345/4137/8541/4130/10382/1212/4133/1487/55605/23122/8943/3208/1740/5874/8927/3800/8120/10458/1742/6812,GOCC,Endoplasmic reticulum and secretory pathway
GO:0005604,GO:0005604,Basement Membrane,2.401403909,5.58E-06,2200/1291/954/302/3915/3913/3908/3911/3691/375790/1605,GOCC,Extracellular matrix and adhesion
GO:0098984,GO:0098984,Neuron to Neuron Synapse,-2.174212554,1.19E-05,2534/84966/476/28988/1739/5582/10243/4131/3337/6252/57142/7534/375/815/5064/23413/119/6546/26052/5063/5789/7533/1020/491/5534/28964/93185/4905/10486/1740/23362/6853/8927/6854/2596/57512/6857/6543/10458/112476/9829/1742/2913/9066/2043/91584,GOCC,Synaptic regulation
GO:0030136,GO:0030136,Clathrin-Coated Vesicle,-2.261749677,2.13E-05,529/3312/164/9296/28988/526/9114/523/535/9522/51552/528/1211/534/1213/11021/162/1173/9892/51606/161/80331/29924/163/1212/8522/160/25977/57030/22848/6844/5874/83988/84251/5864/8120/6456/6857/9829,GOCC,Extracellular matrix and adhesion
GO:0030426,GO:0030426,Growth Cone,-2.323766727,2.74E-05,2288/1400/7070/10540/3831/4644/4137/1020/6624/11344/10381/22902/4133/55605/1525/23122/10409/22911/3800/6622/2596/6616/2043,GOCC,Synaptic regulation
GO:0005581,GO:0005581,Collagen Trimer,1.96515889,3.86E-05,1292/1291/1293,GOCC,Extracellular matrix and adhesion
GO:1990904,GO:1990904,Ribonucleoprotein Complex,2.13882881,4.65E-05,9961/8826/6222/6136/8661/3958/8607/6202/6139/6137/7520/6187/6124/6147/6181/6175/6223/6191/6122/6130/6129/6138/27044/4736/6189/3921/6203/6128/10856/8663/6125/3181/6217/9045/6201/6205/3609/4869/7514/8662/3184/3304/51386/6142/6188/6210,GOCC,Endoplasmic reticulum and secretory pathway
GO:0030117,GO:0030117,Membrane Coat,-2.351832884,5.18E-05,58513/1211/1213/162/1173/161/29924/163/1212/160/25977/8943/83988/1759/84251/8120/8867,GOCC,Synaptic regulation
GO:0048475,GO:0048475,Coated Membrane,-2.351832884,5.18E-05,58513/1211/1213/162/1173/161/29924/163/1212/160/25977/8943/83988/1759/84251/8120/8867,GOCC,Synaptic regulation
GO:0009897,GO:0009897,External Side of Plasma Membrane,2.224648328,6.75E-05,3383/3673/3679/5034/811/3123/361/3688/3916/824/2266/5788/308/3655/2350/3684/1605/3689/4059/2209/4162/1508/3106/214/5621/4897/84168/2936/4240/928/1271/3105/5175/5243/4907/2243,GOCC,Extracellular matrix and adhesion
GO:0032279,GO:0032279,Asymmetric Synapse,-2.073286612,6.75E-05,2534/84966/476/28988/1739/5582/10243/4131/3337/6252/57142/375/815/5064/23413/119/6546/26052/5063/7533/1020/491/28964/4905/10486/1740/23362/6853/8927/6854/2596/57512/6857/6543/10458/112476/9829/1742/2913/2043/91584,GOCC,Synaptic regulation
GO:0030427,GO:0030427,Site of Polarized Growth,-2.211200269,9.73E-05,2288/1400/7070/10540/3831/4644/4137/1020/6624/11344/10381/22902/4133/55605/1525/23122/10409/22911/3800/6622/2596/6616/2043,GOCC,Synaptic regulation
GO:0005840,GO:0005840,Ribosome,2.273435754,9.95E-05,347/811/6222/6136/6202/6139/6137/6187/6124/6147/6181/6175/6223/6191/6122/6130/6129/6138/4736/6189/3921/6203/6128/6125/6217/9045/6201/6205/328,GOCC,Endoplasmic reticulum and secretory pathway
GO:0120111,GO:0120111,Neuron Projection Cytoplasm,-2.282303302,0.000101061,7345/4137/4130/4133/55605/8943/3208/1740/5874/3800/8120/10458/1742,GOCC,Synaptic regulation
GO:0044391,GO:0044391,Ribosomal Subunit,2.212447747,0.000103103,6222/6136/6202/6139/6137/6187/6124/6147/6181/6175/6223/6191/6122/6130/6129/6138/4736/6189/3921/6203/6128/6125/6217/9045/6201/6205,GOCC,Endoplasmic reticulum and secretory pathway
GO:0070069,GO:0070069,Cytochrome Complex,2.158907459,0.000110046,7385/7384/1327/1329/1537/1340/9377/7381/4513,GOCC,Mitochondria and metabolism
GO:0140534,GO:0140534,Endoplasmic Reticulum Protein-Containing Complex,2.187265219,0.000114132,5589/10130/2923/23193/5034/3309/811/7184/5479/51144,GOCC,Endoplasmic reticulum and secretory pathway
GO:0014069,GO:0014069,Postsynaptic Density,-2.050515985,0.000148015,2534/84966/476/28988/1739/5582/10243/4131/3337/6252/57142/375/815/5064/23413/119/6546/26052/5063/1020/491/28964/4905/10486/1740/23362/6853/8927/6854/2596/57512/6857/6543/10458/112476/9829/1742/2913/2043,GOCC,Synaptic regulation
GO:0030665,GO:0030665,Clathrin-Coated Vesicle Membrane,-2.224702087,0.000148127,529/3312/164/9296/28988/526/9114/523/535/528/1211/534/1213/11021/162/1173/51606/161/80331/29924/163/1212/160/25977/57030/6844/83988/84251/5864/8120/6456/6857,GOCC,Endoplasmic reticulum and secretory pathway
GO:0030135,GO:0030135,Coated Vesicle,-2.111272042,0.000170809,8615/529/3312/164/9296/28988/526/9114/523/535/9522/51552/528/1211/534/55690/1213/11021/162/1173/9892/51606/161/80331/29924/163/1212/8522/160/25977/57030/22848/6844/5874/83988/84251/5864/8120/6456/29993/6857/9829,GOCC,Endoplasmic reticulum and secretory pathway
GO:0098798,GO:0098798,Mitochondrial Protein-Containing Complex,2.107609343,0.000196583,3032/3030/293/10989/291/7416/11331,GOCC,Mitochondria and metabolism
GO:0022626,GO:0022626,Cytosolic Ribosome,2.234961515,0.000197721,347/6222/6136/6202/6139/6137/6187/6124/6147/6181/6175/6223/6191/6122/6130/6129/6138/4736/6189/3921/6203/6128/6125/6217/9045/6201/6205,GOCC,Endoplasmic reticulum and secretory pathway
GO:0030118,GO:0030118,Clathrin Coat,-2.227161149,0.000197731,58513/1211/1213/162/1173/161/29924/163/1212/160/25977/83988/84251/8867,GOCC,Endoplasmic reticulum and secretory pathway
GO:0099572,GO:0099572,Postsynaptic Specialization,-1.993098255,0.000216124,2534/84966/476/28988/1739/5582/10243/4131/3337/6252/57142/375/815/5064/23413/119/6546/26052/5063/1020/491/28964/4905/10486/1740/23362/6853/8927/6854/2596/57512/6857/6543/10458/112476/9829/1742/2913/2043,GOCC,Synaptic regulation
GO:0043679,GO:0043679,Axon Terminus,-2.216318851,0.000633144,57282/805/9114/5582/6855/274/3737/7162/6546/10815/57465/23157/28964/22848/8943/6623/5864/6622/29993/6543/8867/112476/2043/10814,GOCC,Synaptic regulation
GO:0060076,GO:0060076,Excitatory Synapse,-2.236450025,0.000646952,7533/491/5534/57030/492/8927/6857/10458/10681/1742/6812/91584,GOCC,Synaptic regulation
GO:0072562,GO:0072562,Blood Microparticle,2.063770116,0.000706527,1356/3240/2/720/6521/1192/2266/718/3306/308/3959/4478/3507/23549/3263/3493/3500/3514/2040/5004,GOCC,Immune Response and Regulation
GO:0030120,GO:0030120,Vesicle Coat,-2.190621315,0.000776774,1211/1213/162/1173/161/29924/163/1212/160/25977/83988/84251,GOCC,Endoplasmic reticulum and secretory pathway
hsa05208,hsa05208,Chemical Carcinogenesis - Reactive Oxygen Species,2.631622624,3.15E-08,7385/7384/4719/293/291/1327/7417/1329/4704/6648/7416/1537/1340/9377/6389/2052/7381/7419/847/1728/8644/4513,KEGG,Mitochondria and metabolism
hsa05415,hsa05415,Diabetic Cardiomyopathy,2.435483584,2.75E-06,7385/7384/4719/293/291/1327/7417/1329/4704/7416/1537/1340/9377/6389/7381/7419/1536/4513/1509/5160,KEGG,Unclassified
hsa04932,hsa04932,Non-Alcoholic Fatty Liver Disease,2.369365559,2.75E-06,7385/7384/4719/1327/1329/4704/1537/1340/9377/6389/7381/4513,KEGG,Unclassified
hsa01100,hsa01100,Metabolic Pathways,1.901381179,7.22E-06,4129/7385/954/7384/3032/4719/3030/4128/1327/427/1329/4704/1537/1340/23193/9377/1312/6389/8639/51056/3295/5538/3033/7381/847/2548/9588/1728/5333/2687/683/4860/210/8644/4513/51144/37/113026/3176/7263/249/10135/29968/5730/6652/952/10449/953/2184/11112/23475/5160/501/223/5238/22978/2992/133121/11164/51084/8991/9104/445/5162/2944/1431/128/1892/38/50/1738/4357/443/2950/1737/217/2746/51477/203/216/4507/8424/134147/51181/641371/2946/55361/2947/2876/2098/2936/18/55748/22908/8659/7915/4329/5092/3074/34/873/3418/760/645/1743/22875/10840/6697/653689/25796/2806,KEGG,Mitochondria and metabolism
hsa04714,hsa04714,Thermogenesis,2.347439195,7.95E-06,7385/7384/4719/1327/1329/4704/1537/1340/9377/6389/7381/4513,KEGG,Unclassified
hsa04512,hsa04512,ECM-Receptor Interaction,2.303376805,2.18E-05,960/1292/1291/1293/3673/3679/3915/3913/3688/3908/3911/3691/3655/375790/1605,KEGG,Extracellular matrix and adhesion
hsa05171,hsa05171,Coronavirus Disease - Covid-19,2.243023159,6.46E-05,720/2266/718/6222/1536/6136/6202/6139/6137/6187/6124/6147/6181/6175/6223/6191/6122/6130/6129/6138/4736/6189/1956/3921/6203/6128/6125/6217/9045/6772/6201/2243/6205,KEGG,Immune Response and Regulation
hsa05012,hsa05012,Parkinson Disease,2.036217199,0.000124045,4129/7385/7384/4719/293/4128/291/1327/7417/1329/4704/7416/1537/1340/3309/9377/6389/7381/7419,KEGG,Synaptic regulation
hsa04820,hsa04820,Cytoskeleton in Muscle Cells,2.103187966,0.000140615,2200/1292/1291/1293/3673/4629/3679/3688/3908/3691/7414/3655/483/7431/375790/1605/7094/6641,KEGG,Microtubule organisation
hsa04144,hsa04144,Endocytosis,-1.995100708,0.000194558,3312/11031/51699/51100/58513/8027/1211/9146/23396/375/274/30845/1213/381/11021/51534/1173/26052/161/10015/29924/9135/163/1212/160/28964/57180/56904/273/1759/23362/3800/6456/9829,KEGG,Extracellular matrix and adhesion
hsa05020,hsa05020,Prion Disease,1.9790108,0.000509414,7385/7384/4719/293/291/1327/7417/1329/4704/7416/1537/1340/3309/9377/3915/6389/7381/7419/1536/4513,KEGG,Immune Response and Regulation
hsa05222,hsa05222,Small Cell Lung Cancer,2.094684337,0.000649273,3673/3915/3913/3688/3908/3911/3655,KEGG,Immune Response and Regulation
hsa00190,hsa00190,Oxidative Phosphorylation,2.075980076,0.000860622,7385/7384/4719/1327/1329/4704/1537/1340/9377/6389/7381/4513/64077,KEGG,Mitochondria and metabolism
hsa04510,hsa04510,Focal Adhesion,2.005886502,0.000965224,1292/1291/1293/3673/3679/2316/3915/3913/3688/3908/824/3911/3691/7414/3655/2317/103910/5159/7094/857,KEGG,Extracellular matrix and adhesion
hsa04260,hsa04260,Cardiac Muscle Contraction,2.093772035,0.001021149,7385/7384/1327/1329/1537/1340/9377/7381/483/4513,KEGG,Unclassified
hsa04961,hsa04961,Endocrine And Other Factor-Regulated Calcium Reabsorption,-2.098487636,0.001982999,5567/5579/493/793/481/476/5582/1211/1213/1173/6546/26052/161/491/490/163/1212/160/492/1759/23236/6543,KEGG,Endoplasmic reticulum and secretory pathway
hsa04141,hsa04141,Protein Processing In Endoplasmic Reticulum,2.006287121,0.003048637,9601/5589/10130/2923/23193/5034/3309/811/821/7184/824/10961/1410,KEGG,Endoplasmic reticulum and secretory pathway
hsa04114,hsa04114,Oocyte Meiosis,-2.010198203,0.003475921,5500/10971/5528/5567/7531/805/5516/7534/815/5518/7529/5529/8454/7532/7533/5534/5530/5604/5532,KEGG,Microtubule organisation
hsa04724,hsa04724,Glutamatergic Synapse,-2.01296555,0.004170303,23154/5534/2752/57030/5530/2770/2912/23236/10681/1742/2913/5532,KEGG,Synaptic regulation
hsa00280,hsa00280,"Valine, Leucine And Isoleucine Degradation",1.945807216,0.005942881,3032/3030/3033/10449/11112/501/223/1892/38/1738/217/18/4329/34,KEGG,Endoplasmic reticulum and secretory pathway
hsa00380,hsa00380,Tryptophan Metabolism,1.936738338,0.006101756,4129/3030/4128/3033/847/501/223/1892/38/1738/217,KEGG,Mitochondria and metabolism
hsa05150,hsa05150,Staphylococcus Aureus Infection,1.922985745,0.00664629,3383/720/3123/2266/718/3684/3689/2209,KEGG,Immune Response and Regulation
hsa05010,hsa05010,Alzheimer Disease,1.735142225,0.0067114,7385/7384/4719/293/291/1327/7417/4035/1329/4704/7416/1537/1340/9377/6389/824/7381/7419/1536/4513,KEGG,Synaptic regulation
hsa04120,hsa04120,Ubiquitin Mediated Proteolysis,-1.939429194,0.009947559,8450/1642/9039/8065/8452/9040/7334/7317/8453/10273/8454/63893/3093,KEGG,Peptidase activity
hsa04640,hsa04640,Hematopoietic Cell Lineage,1.876143958,0.011770635,960/3673/3123/3655/3684/952/2209,KEGG,Immune Response and Regulation
hsa04613,hsa04613,Neutrophil Extracellular Trap Formation,1.871311732,0.011770635,293/291/7417/7416/2266/718/7419/1536/3684/3689/2209,KEGG,Immune Response and Regulation
hsa00071,hsa00071,Fatty Acid Degradation,1.86611689,0.011770635,3032/3030/3033/37/10449/501/223/128/1892/38/217,KEGG,Mitochondria and metabolism
hsa05016,hsa05016,Huntington Disease,1.710729678,0.011770635,7385/7384/4719/293/291/1327/7417/1329/4704/6648/7416/1537/1340/9377/6389/7381/7419,KEGG,Synaptic regulation
hsa04610,hsa04610,Complement And Coagulation Cascades,1.881909989,0.011958488,2/720/2266/718/3684/3689/5265,KEGG,Immune Response and Regulation
hsa04151,hsa04151,Pi3K-AKT Signaling Pathway,1.757776251,0.012983738,1292/1291/1293/3673/3679/3915/7184/3913/3688/3908/3911/55970/3691/3655,KEGG,Apoptosis
hsa04660,hsa04660,T Cell Receptor Signaling Pathway,-1.93343986,0.0130539,2534/5781/1739/5516/5518/5529/5520/5063/5534/5530/5604/5058/5532,KEGG,Immune Response and Regulation
hsa01212,hsa01212,Fatty Acid Metabolism,1.840890172,0.014401784,3032/3030/3295/5538/3033/51144/37/10449/1892/38,KEGG,Mitochondria and metabolism
hsa04360,hsa04360,Axon Guidance,-1.760049673,0.014401784,5362/815/5063/1020/5534/5530/2770/5058/2043/9475/5361/5532/91584,KEGG,Microtubule organisation
hsa05322,hsa05322,Systemic Lupus Erythematosus,1.741333099,0.030414078,720/3123/718/2209,KEGG,Immune Response and Regulation
hsa04261,hsa04261,Adrenergic Signaling in Cardiomyocytes,-1.698059854,0.030414078,5500/478/5528/55799/5567/493/481/476/805/5516/815/5518/6546/5529/5520/491/490/2770/492/23236/6543,KEGG,Endoplasmic reticulum and secretory pathway
hsa04110,hsa04110,Cell Cycle,-1.847779468,0.034315165,10971/5528/7531/5516/7534/5518/7529/5529/8454/7532/7533,KEGG,Cell cycle regulation
hsa04310,hsa04310,WNT Signaling Pathway,-1.765425826,0.038117664,27101/5582/815/8454/5534/1487/5530/23236/9475/5532,KEGG,Cell cycle regulation
hsa03083,hsa03083,Polycomb Repressive Complex,-1.498008093,0.039388189,7874,KEGG,Apoptosis
hsa05164,hsa05164,Influenza A,1.809985096,0.040066815,3383/293/291/7416/3123,KEGG,Immune Response and Regulation
hsa00760,hsa00760,Nicotinate And Nicotinamide Metabolism,1.745485978,0.040066815,683/4860/10135/952/23475/22978,KEGG,Mitochondria and metabolism
hsa00340,hsa00340,Histidine Metabolism,1.739131476,0.041055743,4129/4128/3176/501/223/443/217/55748,KEGG,Mitochondria and metabolism
hsa05145,hsa05145,Toxoplasmosis,1.739925628,0.044189635,3915/3123/3913/3688/3908/3911/3655,KEGG,Immune Response and Regulation
hsa00260,hsa00260,"Glycine, Serine And Threonine Metabolism",1.74784366,0.045900955,4129/4128/8639/29968/501/1738,KEGG,Mitochondria and metabolism
hsa04022,hsa04022,CGMP-PKG Signaling Pathway,-1.647734931,0.045900955,6546/3778/491/5534/490/5530/2770/492/5604/23236/6543/5138/9475/5532,KEGG,Apoptosis
hsa04720,hsa04720,Long-Term Potentiation,-1.661762761,0.046719352,5500/3265/5567/5579/805/5582/815/5534/5530/5604/23236/5532,KEGG,Synaptic regulation
hsa00410,hsa00410,Beta-Alanine Metabolism,1.741252661,0.047796678,3030/8639/501/223/1892/217/18/55748/4329,KEGG,Mitochondria and metabolism
hsa05165,hsa05165,Human Papillomavirus Infection,1.609500709,0.049281495,1292/1291/1293/3673/3679/3915/3913/3688/3908/3911/3691/3655,KEGG,Immune Response and Regulation
R-HSA-1430728,R-HSA-1430728,Metabolism,1.981529059,5.48E-08,4129/960/7385/954/7384/3032/4719/5445/3030/2820/4128/291/1327/427/4035/1329/4704/7416/1537/1340/9377/1312/8604/6389/8639/3295/5538/8826/3033/2052/7381/55970/10226/2548/1727/2350/1728/1066/5333/2687/6222/2171/683/4860/210/8402/8644/4513/6136/51144/375790/37/1666/113026/3176/7263/10135/29968/64077/5730/857/6652/952/10449/953/2184/11112/23475/5160/501/55347/3313/223/145482/22978/2992/133121/11164/51084/6202/6139/6137/6187/6124/6147/445/5162/2944/1431/5660/5573/57153/84836/128/1892/38/50/6181/56898/1738/6175/6223/4357/6191/6122/8574/443/6130/6129/2950/1737/23446/6138/217/4736/8895/2746/51477/6189/203/3921/216/4507/8424/6203/134147/6128/1462/51181/641371/2946/55361/2947/2876/2098/2936/6125/55748/22908/8659/4329/5092/3074/176/34/873/3418/760/2819/645/1743/10840/6697/653689/25796/2806/6217/9045/5338/759/2778/4907,Reactome,Mitochondria and metabolism
R-HSA-1474244,R-HSA-1474244,Extracellular Matrix Organization,2.459859452,7.25E-08,960/2200/1292/1291/1293/3383/3673/2/3679/5034/3915/3913/3688/3908/824/3911/5479/2266/3691/3655/3684/375790/1605/3689/6641/1509/351/7143/1508/826/102/726/83700/3693/1462/5339/4811/7402/176/5175/6444/23385/2243/22795/58494/3672/682/1837,Reactome,Extracellular matrix and adhesion
R-HSA-199991,R-HSA-199991,Membrane Trafficking,-2.220417837,1.28E-07,9318/58513/51552/10987/8027/1211/5048/9146/8774/23396/10980/51560/7534/375/7529/274/2873/10383/1213/10376/381/11021/10540/81876/51534/162/1639/3831/1173/4644/26052/6305/9892/161/29924/7532/9135/7533/10382/57465/163/1212/160/10381/25977/7280/4905/55605/22848/7277/6844/5874/273/1759/288/63908/84251/5864/3796/6456/29993/6857/8867/9829,Reactome,Microtubule organisation
R-HSA-112316,R-HSA-112316,Neuronal System,-2.375030638,4.06E-07,1739/5582/5792/8514/6506/10211/5577/815/3737/10383/10376/1173/5789/10815/161/80331/4137/8541/3778/10382/163/2752/160/28964/10381/7280/57030/4905/9568/7277/6844/2770/7102/1740/83988/6853/6854/5864/23236/6857/6616/10681/1742/6812/6804/9066,Reactome,Synaptic regulation
R-HSA-112315,R-HSA-112315,Transmission Across Chemical Synapses,-2.328632356,4.66E-06,5577/815/10383/10376/1173/10815/161/80331/4137/8541/10382/163/2752/160/28964/10381/7280/57030/4905/9568/7277/6844/2770/7102/1740/83988/6853/6854/5864/23236/6857/6616/10681/1742/6812/6804,Reactome,Synaptic regulation
R-HSA-5653656,R-HSA-5653656,Vesicle-Mediated Transport,-2.010717878,4.66E-06,9318/58513/51552/335/10987/8027/1211/5048/9146/8774/23396/10980/51560/7534/375/7529/274/2873/10383/1213/10376/381/11021/10540/81876/51534/162/1639/3831/1173/4644/26052/6305/9892/161/29924/7532/9135/7533/10382/57465/163/1212/160/10381/25977/10808/7280/4905/55605/22848/7277/6844/5874/273/1759/288/63908/84251/5864/3796/6456/29993/6857/8867/9829,Reactome,Microtubule organisation
R-HSA-8856828,R-HSA-8856828,Clathrin-Mediated Endocytosis,-2.372072666,8.36E-06,9318/58513/10987/8027/1211/9146/23396/10980/274/2873/1213/1173/26052/9892/161/29924/163/1212/160/25977/22848/6844/273/1759/84251/6456/29993/6857/8867/9829,Reactome,Synaptic regulation
R-HSA-611105,R-HSA-611105,Respiratory Electron Transport,2.369177258,2.18E-05,7385/7384/4719/1327/1329/4704/1537/1340/9377/8604/6389/7381/8402/4513,Reactome,Mitochondria and metabolism
R-HSA-212676,R-HSA-212676,Dopamine Neurotransmitter Release Cycle,-2.426291427,2.96E-05,10815/8541/6844/6853/6854/5864/6857/6616/6812/6804,Reactome,Synaptic regulation
R-HSA-3000178,R-HSA-3000178,ECM Proteoglycans,2.32638636,2.96E-05,1292/1291/1293/3673/3679/3915/3913/3688/3908/3911/375790/1605/351/7143,Reactome,Extracellular matrix and adhesion
R-HSA-69278,R-HSA-69278,"Cell Cycle, Mitotic",-2.164522578,2.96E-05,5689/22933/5713/5695/1778/5684/5708/5709/9861/5701/3320/5702/5692/5717/5707/27183/3842/5706/10121/3326/5685/128866/6233/10726/5901/5500/11258/5528/5700/5705/5718/9798/5579/7531/5693/8615/4067/203068/5861/5516/5048/5862/5577/9793/5518/10383/10376/10540/81876/1639/5529/5520/8454/7532/51400/10382/10381/7280/23122/7277/2029/3796,Reactome,Cell cycle regulation
R-HSA-181429,R-HSA-181429,Serotonin Neurotransmitter Release Cycle,-2.336107065,3.32E-05,8541/6844/6853/6854/5864/6857/6616/6812/6804,Reactome,Synaptic regulation
R-HSA-9837999,R-HSA-9837999,Mitochondrial Protein Degradation,2.320223899,3.32E-05,7385/4719/293/1327/1329/4976/9377/3033/3329/4513/1891/351/5160/3313/5162/1431/38/50/1738/6742/217/2746,Reactome,Mitochondria and metabolism
R-HSA-216083,R-HSA-216083,Integrin Cell Surface Interactions,2.308491087,6.90E-05,960/2200/1292/1291/1293/3383/3673/3679/3688/2266/3655/3684/375790/3689,Reactome,Extracellular matrix and adhesion
R-HSA-9734767,R-HSA-9734767,Developmental Cell Lineages,2.298824129,6.90E-05,301/302/3915/3913/3688/3908/3911/306/3691/3655/2171,Reactome,Cell cycle regulation
R-HSA-1474228,R-HSA-1474228,Degradation of The Extracellular Matrix,2.267550061,7.63E-05,960/2200/1292/1291/1293/2/3915/824/3911/1509/1508/826/102/726,Reactome,Extracellular matrix and adhesion
R-HSA-2408522,R-HSA-2408522,Selenoamino Acid Metabolism,2.198749072,7.63E-05,6222/6136/3176/6202/6139/6137/6187/6124/6147/6181/6175/6223/6191/6122/6130/6129/6138/4736/6189/3921/6203/6128/2936/6125/6217/9045/6201/6205,Reactome,Mitochondria and metabolism
R-HSA-3000157,R-HSA-3000157,Laminin Interactions,2.314308004,9.46E-05,3673/3679/3915/3913/3688/3908/3911/3691/3655,Reactome,Microtubule organisation
R-HSA-1799339,R-HSA-1799339,SRP-Dependent Cotranslational Protein Targeting To Membrane,2.181754638,9.50E-05,6222/6136/6202/6139/6137/6187/6124/6147/6181/6175/6223/6191/6122/6130/6129/6138/4736/6189/3921/6203/6128/6125/6217/9045/6201/6205,Reactome,Extracellular matrix and adhesion
R-HSA-192823,R-HSA-192823,Viral mRNA Translation,2.181754638,9.50E-05,6222/6136/6202/6139/6137/6187/6124/6147/6181/6175/6223/6191/6122/6130/6129/6138/4736/6189/3921/6203/6128/6125/6217/9045/6201/6205,Reactome,Endoplasmic reticulum and secretory pathway
R-HSA-2408557,R-HSA-2408557,Selenocysteine Synthesis,2.181754638,9.50E-05,6222/6136/6202/6139/6137/6187/6124/6147/6181/6175/6223/6191/6122/6130/6129/6138/4736/6189/3921/6203/6128/6125/6217/9045/6201/6205,Reactome,Mitochondria and metabolism
R-HSA-68886,R-HSA-68886,M Phase,-2.091836213,9.50E-05,5689/22933/5713/5695/1778/5684/5708/5709/9861/5701/3320/5702/5692/5717/5707/27183/3842/5706/10121/5685/128866/6233/10726/5901/11258/5528/5700/5705/5718/9798/5579/7531/5693/8615/203068/5861/5516/5048/5862/5577/9793/5518/10383/10376/10540/81876/1639/5529/5520/7532/10382/10381/7280/23122/7277/2029/3796,Reactome,Cell cycle regulation
R-HSA-381426,R-HSA-381426,Regulation Of Insulin-Like Growth Factor (IGF) Transport And Uptake By Insulin-Like Growth Factor Binding Proteins (IGFPBPs),2.259620957,0.000117858,2200/1356/5589/720/10130/5034/3915/7184/3913/813/2266/718/8404/4924/5265/351,Reactome,Cell cycle regulation
R-HSA-8957275,R-HSA-8957275,Post-Translational Protein Phosphorylation,2.259620957,0.000117858,2200/1356/5589/720/10130/5034/3915/7184/3913/813/2266/718/8404/4924/5265/351,Reactome,Apoptosis
R-HSA-1428517,R-HSA-1428517,Aerobic Respiration And Respiratory Electron Transport,2.173547949,0.000117858,7385/7384/4719/291/1327/1329/4704/7416/1537/1340/9377/8604/6389/7381/8402/4513/5160/3313/5162/1431/38/50/1738,Reactome,Microtubule organisation
R-HSA-9633012,R-HSA-9633012,Response of Eif2AK4 (GCN2) To Amino Acid Deficiency,2.16928972,0.000117858,6222/6136/6202/6139/6137/6187/6124/6147/6181/6175/6223/6191/6122/6130/6129/6138/4736/6189/3921/6203/6128/6125/6217/9045/6201/6205,Reactome,Apoptosis
R-HSA-72689,R-HSA-72689,Formation of a Pool of Free 40S Subunits,2.159234197,0.000117858,6222/6136/8661/6202/6139/6137/6187/6124/6147/6181/6175/6223/6191/6122/6130/6129/6138/4736/6189/3921/6203/6128/8663/6125/6217/9045/6201/6205,Reactome,Endoplasmic reticulum and secretory pathway
R-HSA-156902,R-HSA-156902,Peptide Chain Elongation,2.145449785,0.000142375,6222/6136/6202/6139/6137/6187/6124/6147/6181/6175/6223/6191/6122/6130/6129/6138/4736/6189/3921/6203/6128/6125/6217/9045/6201/6205,Reactome,Endoplasmic reticulum and secretory pathway
R-HSA-112314,R-HSA-112314,Neurotransmitter Receptors and Postsynaptic Signal Transmission,-2.194356549,0.000161693,5577/815/10383/10376/1173/161/4137/10382/163/160/28964/10381/7280/4905/9568/7277/2770/7102/1740/83988/23236/10681/1742,Reactome,Synaptic regulation
R-HSA-71291,R-HSA-71291,Metabolism Of Amino Acids And Derivatives,1.95865895,0.000161693,8604/1728/6222/6136/3176/7263/29968/2184/11112/501/223/6202/6139/6137/6187/6124/6147/445/1892/38/6181/1738/6175/6223/4357/6191/6122/443/6130/6129/23446/6138/4736/2746/6189/3921/4507/8424/6203/6128/2936/6125/8659/4329/5092/1743/2806/6217/9045/6201/6205/26227,Reactome,Mitochondria and metabolism
R-HSA-975956,R-HSA-975956,Nonsense Mediated Decay (NMD) Independent Of The Exon Junction Complex (EJC),2.170286106,0.000206316,6222/6136/6202/6139/6137/6187/6124/6147/6181/6175/6223/6191/6122/6130/6129/6138/4736/6189/3921/6203/6128/6125/6217/9045/6201/6205,Reactome,Endoplasmic reticulum and secretory pathway
R-HSA-1640170,R-HSA-1640170,Cell Cycle,-1.956596143,0.000230514,5689/22933/5713/5695/1778/5684/5708/5709/9861/5701/3320/5702/5692/5717/5707/27183/3842/5706/10121/3326/5685/128866/6233/10726/5901/5500/10971/11258/5528/5700/5705/5718/9798/5579/7531/5693/8615/4067/203068/5861/7336/5516/7334/5048/5862/5577/7534/9793/5518/7529/10383/10376/10540/81876/1639/5529/5520/8454/7532/7533/51400/10382/10381/7280/23122/7277/2029/3796,Reactome,Cell cycle regulation
R-HSA-3000171,R-HSA-3000171,Non-Integrin Membrane-ECM Interactions,2.169164917,0.000291711,3673/3915/3913/3688/3908/3911/3691/3655/375790/1605/6641,Reactome,Extracellular matrix and adhesion
R-HSA-1474290,R-HSA-1474290,Collagen Formation,2.174533402,0.000291824,1292/1291/1293/5034/5479/3691/3655,Reactome,Extracellular matrix and adhesion
R-HSA-72764,R-HSA-72764,Eukaryotic Translation Termination,2.150035192,0.000291824,6222/6136/6202/6139/6137/6187/6124/6147/6181/6175/6223/6191/6122/6130/6129/6138/4736/6189/3921/6203/6128/6125/6217/9045/6201/6205,Reactome,Endoplasmic reticulum and secretory pathway
R-HSA-168273,R-HSA-168273,Influenza Viral RNA Transcription And Replication,2.145980691,0.000291824,6222/6136/6202/6139/6137/6187/6124/6147/6181/6175/6223/6191/6122/6130/6129/6138/4736/6189/3921/6203/6128/6125/6217/9045/6201/6205,Reactome,Endoplasmic reticulum and secretory pathway
R-HSA-72613,R-HSA-72613,Eukaryotic Translation Initiation,2.088751256,0.000295446,6222/6136/8661/6202/6139/6137/6187/6124/6147/6181/6175/6223/6191/6122/6130/6129/6138/4736/6189/3921/6203/6128/8663/6125/6217/9045/6201/6205,Reactome,Endoplasmic reticulum and secretory pathway
R-HSA-72737,R-HSA-72737,Cap-Dependent Translation Initiation,2.088751256,0.000295446,6222/6136/8661/6202/6139/6137/6187/6124/6147/6181/6175/6223/6191/6122/6130/6129/6138/4736/6189/3921/6203/6128/8663/6125/6217/9045/6201/6205,Reactome,Endoplasmic reticulum and secretory pathway
R-HSA-6811434,R-HSA-6811434,Copi-Dependent Golgi-To-ER Retrograde Traffic,-2.225594082,0.000303324,8775/5861/8774/375/10383/10376/381/81876/3831/10382/10381/7280/4905/55605/7277/63908/3796,Reactome,Endoplasmic reticulum and secretory pathway
R-HSA-983189,R-HSA-983189,Kinesins,-2.218705086,0.00035833,10383/10376/3831/10382/10381/7280/55605/7277/3796,Reactome,Microtubule organisation
R-HSA-156827,R-HSA-156827,L13A-Mediated Translational Silencing of Ceruloplasmin Expression,2.093488199,0.000398328,6222/6136/8661/6202/6139/6137/6187/6124/6147/6181/6175/6223/6191/6122/6130/6129/6138/4736/6189/3921/6203/6128/8663/6125/6217/9045/6201/6205,Reactome,Endoplasmic reticulum and secretory pathway
R-HSA-453274,R-HSA-453274,Mitotic G2-G2/M Phases,-2.06677611,0.000398328,5719/5682/5694/5689/5713/5695/1778/5684/5708/5709/9861/5701/3320/5702/5692/5717/5707/5706/10121/3326/5685/6233/5500/11258/5700/5705/5718/7531/5693/203068/5516/5048/5577/9793/5518/10383/10376/10540/1639/5520/8454/7532/51400/10382/10381/7280/7277,Reactome,Cell cycle regulation
R-HSA-69275,R-HSA-69275,G2/M Transition,-2.06677611,0.000398328,5719/5682/5694/5689/5713/5695/1778/5684/5708/5709/9861/5701/3320/5702/5692/5717/5707/5706/10121/3326/5685/6233/5500/11258/5700/5705/5718/7531/5693/203068/5516/5048/5577/9793/5518/10383/10376/10540/1639/5520/8454/7532/51400/10382/10381/7280/7277,Reactome,Cell cycle regulation
R-HSA-8856688,R-HSA-8856688,Golgi-To-ER Retrograde Transport,-2.151296732,0.000412575,5048/8774/51560/375/10383/10376/381/10540/81876/1639/3831/10382/10381/7280/4905/55605/7277/63908/3796,Reactome,Endoplasmic reticulum and secretory pathway
R-HSA-6791226,R-HSA-6791226,Major Pathway of rRNA Processing in The Nucleolus And Cytosol,2.111217524,0.000412575,6222/6136/6202/6139/6137/6187/6124/6147/6181/6175/6223/6191/6122/6130/6129/6138/4736/6189/3921/6203/6128/6125/6217/9045/6201/6205,Reactome,Endoplasmic reticulum and secretory pathway
R-HSA-72312,R-HSA-72312,rRNA Processing,2.111217524,0.000412575,6222/6136/6202/6139/6137/6187/6124/6147/6181/6175/6223/6191/6122/6130/6129/6138/4736/6189/3921/6203/6128/6125/6217/9045/6201/6205,Reactome,Endoplasmic reticulum and secretory pathway
R-HSA-8868773,R-HSA-8868773,rRNA Processing in The Nucleus And Cytosol,2.111217524,0.000412575,6222/6136/6202/6139/6137/6187/6124/6147/6181/6175/6223/6191/6122/6130/6129/6138/4736/6189/3921/6203/6128/6125/6217/9045/6201/6205,Reactome,Endoplasmic reticulum and secretory pathway
R-HSA-72706,R-HSA-72706,GTP Hydrolysis and Joining of The 60S Ribosomal Subunit,2.081120034,0.000412575,6222/6136/8661/6202/6139/6137/6187/6124/6147/6181/6175/6223/6191/6122/6130/6129/6138/4736/6189/3921/6203/6128/8663/6125/6217/9045/6201/6205,Reactome,Endoplasmic reticulum and secretory pathway
R-HSA-8856825,R-HSA-8856825,Cargo Recognition for Clathrin-Mediated Endocytosis,-2.134528846,0.000534742,9318/58513/10987/8027/1211/9146/10980/2873/1213/1173/9892/161/29924/163/1212/160/25977/22848/6844/84251/6456/6857,Reactome,Synaptic regulation
R-HSA-2500257,R-HSA-2500257,Resolution of Sister Chromatid Cohesion,-2.167908625,0.000560509,5516/5048/9793/5518/10383/10376/5529/10382/10381/7280/23122/7277/3796,Reactome,Cell cycle regulation
WP111,WP111,Electron Transport Chain Oxphos System In Mitochondria,2.395086285,5.99E-07,7385/7384/4719/293/291/1327/1329/4704/1340/9377/6389/7381/4513,WP,Mitochondria and metabolism
WP4396,WP4396,Nonalcoholic Fatty Liver Disease,2.39130798,3.84E-06,7385/7384/4719/1327/1329/4704/1537/1340/9377/6389/7381/4513,WP,Unclassified
WP2267,WP2267,Synaptic Vesicle Pathway,-2.476978697,4.23E-06,6855/1213/1173/26052/10815/161/163/160/57030/4905/6844/10059/1759/6853/6854/5864/112755/6857/6616/6812/6804/10814,WP,Synaptic regulation
WP477,WP477,Cytoplasmic Ribosomal Proteins,2.162478632,0.00011788,6222/6136/6202/6139/6137/6187/6124/6147/6181/6175/6223/6191/6122/6130/6129/6138/4736/6189/3921/6203/6128/6125/6196/6217/9045/6201/6205,WP,Endoplasmic reticulum and secretory pathway
WP4658,WP4658,Small Cell Lung Cancer,2.161662987,0.000349486,3673/3915/3913/3688/3908/3911/3655,WP,Unclassified
WP1544,WP1544,Micrornas In Cardiomyocyte Hypertrophy,-2.139445743,0.002057426,5530/5604/9475/5532,WP,Unclassified
WP5510,WP5510,16P12 2 Copy Number Variation Syndrome 520Kb ,2.040849956,0.002657858,7385/7384/4704/1537/9377/7381,WP,Unclassified
WP244,WP244,Alpha 6 Beta 4 Signaling,2.011180615,0.003805423,3915/3913/3908/3911/3691/3655,WP,Unclassified
WP98,WP98,Prostaglandin Synthesis and Regulation,2.004845327,0.003805423,301/302/307/306/308/8644/5730,WP,Endoplasmic reticulum and secretory pathway
WP4172,WP4172,Pi3K AKT Signaling,1.910842756,0.003805423,1292/1291/1293/3673/3679/3915/7184/3913/3688/3908/3911/55970/3691/3655,WP,Apoptosis
WP2806,WP2806,Complement System,1.976459284,0.00704024,3383/3673/720/811/3915/3911/2266/718,WP,Immune Response and Regulation
WP306,WP306,Focal Adhesion,1.779067799,0.00704024,1292/3673/3679/2316/3915/3913/3688/3908/824/3911/3691/7414/3655/2317/103910/5159/7094/857,WP,Extracellular matrix and adhesion
WP4313,WP4313,Ferroptosis,1.851794968,0.009669581,1356/7417/2512/55847/7419/1536/8644/3315/5621,WP,Mitochondria and metabolism
WP4549,WP4549,Fragile X Syndrome,-1.774064447,0.012130144,2534/5781/10243/4131/1211/815/1213/1173/26999/163/1212/160/5530/1759/5604/23236/1742/2043,WP,Unclassified
WP143,WP143,Fatty Acid Beta Oxidation,1.894702466,0.013003439,3032/3030/2820/3033/37/1666/1892/38/1738,WP,Mitochondria and metabolism
WP3932,WP3932,Focal Adhesion Pi3K AKT MTOR Signaling,1.798057442,0.013375648,1292/3673/3679/3915/7184/3913/3688/3908/3911/55970/3691/3655/3684/5159/3689/2246/7143,WP,Extracellular matrix and adhesion
WP428,WP428,WNT Signaling,-1.855454367,0.019027343,5582/815/5534/1487/5530/23236/9475/5532,WP,Cell cycle regulation
WP408,WP408,Oxidative Stress Response,1.82185899,0.019027343,4128/6648/847/1728/1536,WP,Mitochondria and metabolism
WP2118,WP2118,Arrhythmogenic Right Ventricular Cardiomyopathy,1.710831907,0.037142307,3673/3679/3688/3908/3691/3655/1605/2697,WP,Unclassified
WP5424,WP5424,Omega 6 Fatty Acids In Senescence,1.774256913,0.037368451,2687/8644/1666/5730/145482/2950/216/2876/873,WP,Mitochondria and metabolism
