,ID,Description,NES,p.adjust,core_enrichment,Database,Functional_Module
GO:0099504,GO:0099504,Synaptic Vesicle Cycle,-2.350654487,5.33E-06,535/112476/5874/396/5582/1211/164/29993/51382/112755/23396/80331/9899/163/57030/63908/161/1487/8867/6456/6844/10815/6853/10814/6455/1173/8541/160/6854/127833/26052/1212/6616/6804/27445/6457/5864/6857/84251/8943/1759/8120/134957/5532/6812/10947/8927/9066/8618/28964/9829/22895,GOBP,Synaptic regulation
GO:0017156,GO:0017156,Calcium-Ion Regulated Exocytosis,-2.394878236,0.0007488,6844/6854/127833/6616/84258/6804/5864/6857/5532/6812/9066/8618/22895,GOBP,Synaptic regulation
GO:0036465,GO:0036465,Synaptic Vesicle Recycling,-2.30334516,0.0007488,1211/164/29993/112755/23396/163/57030/161/1487/8867/6456/6844/6455/1173/160/26052/1212/6804/6457/5864/84251/8943/1759/8120/5532/10947/9066/28964/9829,GOBP,Synaptic regulation
GO:0030198,GO:0030198,Extracellular Matrix Organization,2.277084022,0.000957069,351/1291/57326/3915/60484/3913/3908/7143/302/3673/102/3936/3688/4629/2670/1471/1605/4035,GOBP,Extracellular matrix and adhesion
GO:0043062,GO:0043062,Extracellular Structure Organization,2.277084022,0.000957069,351/1291/57326/3915/60484/3913/3908/7143/302/3673/102/3936/3688/4629/2670/1471/1605/4035,GOBP,Extracellular matrix and adhesion
GO:0045229,GO:0045229,External Encapsulating Structure Organization,2.277084022,0.000957069,351/1291/57326/3915/60484/3913/3908/7143/302/3673/102/3936/3688/4629/2670/1471/1605/4035,GOBP,Extracellular matrix and adhesion
GO:0140238,GO:0140238,Presynaptic Endocytosis,-2.287668851,0.001098877,1211/164/29993/23396/163/57030/161/1487/8867/6456/6844/6455/1173/160/26052/22848/1212/6804/6457/84251/8943/1759/8120/5532/10947/9066/9829,GOBP,Synaptic regulation
GO:0048488,GO:0048488,Synaptic Vesicle Endocytosis,-2.259758181,0.001098877,1211/164/29993/23396/163/57030/161/1487/8867/6456/6844/6455/1173/160/26052/1212/6804/6457/84251/8943/1759/8120/5532/10947/9066/9829,GOBP,Synaptic regulation
GO:0006954,GO:0006954,Inflammatory Response,2.070095049,0.001098877,3240/960/2/351/1291/5265/57326/718/720/3500/5004/5354/347/5788/301/8639/3123/3688/83700/22933/23646/3684/3689/8773/6279/1536/26090/2209/3098/196527/4035/348/12/5027/3339/6647/3920/2950/683/1956/445,GOBP,Immune Response and Regulation
GO:0017158,GO:0017158,Regulation Of Calcium Ion-Dependent Exocytosis,-2.266735451,0.001301298,127833/84258/6804/5864/6857/6812/9066/22895,GOBP,Synaptic regulation
GO:0001501,GO:0001501,Skeletal System Development,2.189791658,0.001649061,2200/960/1291/57326/60484/302/5788/1499/1462/3911/176/5479/9104/51119/5027/3074/6137/875/249/5364/7052/4057/63827/5595,GOBP,Microtubule organisation
GO:0006959,GO:0006959,Humoral Immune Response,2.22665501,0.00289501,2/351/3507/718/720/3500/3263/3493/5788/3123/7018,GOBP,Immune Response and Regulation
GO:0009617,GO:0009617,Response To Bacterium,2.062182023,0.003730554,3240/351/1291/4129/3507/718/306/10935/3500/3493/3123/1728/3032/7018/6648/3684/57088/210/3502/6279/824/2209/128/5027/1267/2950/249/445/4057/2876/3106/5595,GOBP,Immune Response and Regulation
GO:0016079,GO:0016079,Synaptic Vesicle Exocytosis,-2.167567322,0.006969896,112755/23396/80331/9899/63908/8867/6844/10815/6853/10814/8541/127833/6616/6804/27445/5864/6857/134957/6812/9066/8618/28964/22895,GOBP,Synaptic regulation
GO:0140029,GO:0140029,Exocytic Process,-2.140384439,0.008589736,8775/6622/112476/60412/10652/112755/5899/63908/8867/10815/10814/8541/127833/4067/6616/6804/8723/5864/6857/134957/6812/9066/22895,GOBP,Extracellular matrix and adhesion
GO:0007269,GO:0007269,Neurotransmitter Secretion,-2.104155102,0.008589736,23396/80331/9899/63908/8867/6844/10815/6853/10814/8541/6854/127833/6616/6804/27445/5864/6857/134957/6812/9066/8618/28964/57512/22895,GOBP,Synaptic regulation
GO:0099643,GO:0099643,Signal Release From Synapse,-2.104155102,0.008589736,23396/80331/9899/63908/8867/6844/10815/6853/10814/8541/6854/127833/6616/6804/27445/5864/6857/134957/6812/9066/8618/28964/57512/22895,GOBP,Synaptic regulation
GO:0009636,GO:0009636,Response To Toxic Substance,2.053992662,0.008589736,3240/1291/4129/2944/5445/1356/10935/1312/1728/4747/4155/2052/6648/210/348/128/9588/847/1267/6647/2950/445/2876/3045/1066/2098/3039/3043,GOBP,Mitochondria and metabolism
GO:0006887,GO:0006887,Exocytosis,-1.863045721,0.008589736,8775/10987/10890/6622/112476/5874/2243/60412/5582/164/10652/7447/112755/5899/23396/80331/5058/9522/9899/9146/63908/27183/80725/8867/10015/9515/6844/10815/6853/10814/11031/8541/6854/4905/127833/4067/2244/6616/84258/6804/27445/8723/5864/55512/23122/6857/11151/115827/134957/5532/6812/9066/8618/28964/22895,GOBP,Synaptic regulation
GO:0097237,GO:0097237,Cellular Response To Toxic Substance,2.111647168,0.009304443,3240/2944/1356/10935/1728/6648/348/128/9588/847/6647/2950/2876/3045/2098/3039/3043/5052/2947/216,GOBP,Mitochondria and metabolism
GO:1990748,GO:1990748,Cellular Detoxification,2.111647168,0.009304443,3240/2944/1356/10935/1728/6648/348/128/9588/847/6647/2950/2876/3045/2098/3039/3043/5052/2947/216,GOBP,Mitochondria and metabolism
GO:0072593,GO:0072593,Reactive Oxygen Species Metabolic Process,2.079975095,0.011704731,3240/351/1291/4129/10935/1410/1728/22933/7416/6648/3684/3689/1536/5027/847/873/6647/2950/875/683/8644/1956/2876/3045/3039/3043,GOBP,Mitochondria and metabolism
GO:0016064,GO:0016064,Immunoglobulin Mediated Immune Response,2.076548405,0.011704731,718/720/3514/3500/3263/3493/5788/3542/3502/2209/3329,GOBP,Immune Response and Regulation
GO:0019724,GO:0019724,B Cell Mediated Immunity,2.076548405,0.011704731,718/720/3514/3500/3263/3493/5788/3542/3502/2209/3329,GOBP,Immune Response and Regulation
GO:0045761,GO:0045761,Regulation Of Adenylate Cyclase Activity,-2.08704186,0.015342884,9568/10486/2912/2913,GOBP,Mitochondria and metabolism
GO:0017157,GO:0017157,Regulation Of Exocytosis,-2.007858534,0.015342884,27183/10015/6844/10815/6853/10814/4905/127833/4067/2244/84258/6804/27445/8723/5864/55512/23122/6857/115827/134957/6812/9066/8618/28964/22895,GOBP,Synaptic regulation
GO:0031630,GO:0031630,Regulation Of Synaptic Vesicle Fusion To Presynaptic Active Zone Membrane,-2.095018689,0.015463346,10815/10814/127833/5864/6857/6812/9066/22895,GOBP,Synaptic regulation
GO:1901632,GO:1901632,Regulation Of Synaptic Vesicle Membrane Organization,-2.095018689,0.015463346,10815/10814/127833/5864/6857/6812/9066/22895,GOBP,Synaptic regulation
GO:0002920,GO:0002920,Regulation Of Humoral Immune Response,1.869948836,0.015463346,2/718/3263/5788,GOBP,Immune Response and Regulation
GO:0031960,GO:0031960,Response To Corticosteroid,2.031805791,0.016232908,2/4129/5730/306/5788/301/1312/4747/210/1536/249/8644/1956/445,GOBP,Immune Response and Regulation
GO:0070507,GO:0070507,Regulation Of Microtubule Cytoskeleton Organization,-2.085421576,0.017367347,3925/2931/22919/5048/55201/11076/1778/2288/1213/4137/6622/5879/4135/6188/1639/5058/22924/9181/2770/10982/9793/79187/57662/23122/22911/6904/55605/28964/8874,GOBP,Microtubule organisation
GO:0044706,GO:0044706,Multi-Multicellular Organism Process,2.061207036,0.017367347,10935/3673/811/51673/824/4012/1508/3691/952/3339/3074/6647/875/1828,GOBP,Unclassified
GO:0007584,GO:0007584,Response To Nutrient,2.056979919,0.017367347,2/3673/6772/1728/6648/210/1536/847/6566/875/249/8644/1956/445/2876,GOBP,Mitochondria and metabolism
GO:0009410,GO:0009410,Response To Xenobiotic Stimulus,1.957814849,0.017367347,1291/4129/2944/3673/1499/811/6772/1312/1728/2052/6648/7520/3030/1429/210/1536/5027/5621/952/847/3339/873/6647/2950/3033/1956/4860/445/134147/2876,GOBP,Mitochondria and metabolism
GO:0098869,GO:0098869,Cellular Oxidant Detoxification,2.030363503,0.018218205,3240/1356/10935/1728/6648/348/9588/847/6647/2950/2876/3045/3039/3043,GOBP,Mitochondria and metabolism
GO:0048490,GO:0048490,Anterograde Synaptic Vesicle Transport,-1.800539441,0.018253089,8943/8120/10947,GOBP,Synaptic regulation
GO:0099514,GO:0099514,Synaptic Vesicle Cytoskeletal Transport,-1.800539441,0.018253089,8943/8120/10947,GOBP,Synaptic regulation
GO:0099517,GO:0099517,Synaptic Vesicle Transport Along Microtubule,-1.800539441,0.018253089,8943/8120/10947,GOBP,Synaptic regulation
GO:0006956,GO:0006956,Complement Activation,2.008662089,0.020317524,2/718/720/3500/3493,GOBP,Immune Response and Regulation
GO:0045055,GO:0045055,Regulated Exocytosis,-1.916040454,0.020956535,6844/10815/6853/10814/11031/8541/6854/127833/4067/6616/84258/6804/27445/8723/5864/6857/11151/134957/5532/6812/9066/8618/28964/22895,GOBP,Synaptic regulation
GO:0006091,GO:0006091,Generation Of Precursor Metabolites And Energy,1.827097315,0.020956535,351/1291/7385/7384/1329/4719/1312/2992/55847/1340/6648/6888/291/2548/1327/4704/10580/3098/6521/10840/9377/5027/5160/388753/847,GOBP,Mitochondria and metabolism
GO:0032252,GO:0032252,Secretory Granule Localization,-2.06009488,0.021245802,547/8615/6616/5864/6812/8618,GOBP,Endoplasmic reticulum and secretory pathway
GO:0060996,GO:0060996,Dendritic Spine Development,-2.025856333,0.021245802,1627/80725/10152/547/23380/26052/5789/10458/9922/2043/1742/5802/8440,GOBP,Synaptic regulation
GO:0097479,GO:0097479,Synaptic Vesicle Localization,-2.034423314,0.022345472,1487/8867/6853/6854/26052/27445/5864/8943/1759/8120/10947/8927/3800,GOBP,Microtubule organisation
GO:0007565,GO:0007565,Female Pregnancy,1.970591188,0.024956995,10935/3673/811/51673/824/4012/1508/3691/952/3339/6647/875/1828,GOBP,Unclassified
GO:0044703,GO:0044703,Multi-Organism Reproductive Process,1.970591188,0.024956995,10935/3673/811/51673/824/4012/1508/3691/952/3339/6647/875/1828,GOBP,Unclassified
GO:0045956,GO:0045956,Positive Regulation Of Calcium Ion-Dependent Exocytosis,-1.953080018,0.024956995,6804/6857/6812/9066/22895,GOBP,Synaptic regulation
GO:0007264,GO:0007264,Small GTPase-Mediated Signal Transduction,-1.775162443,0.024956995,335/5899/22931/64759/10787/286205/9181/10982/5516/1399/11261/388/10152/11021/57580/8567/23380/8936/57142/23365/8615/28988/9922/23108/9901/22800/394/5909/23362/28964/9475/8874,GOBP,Endoplasmic reticulum and secretory pathway
GO:0015980,GO:0015980,Energy Derivation By Oxidation Of Organic Compounds,1.910194784,0.025750958,1291/7385/7384/1329/4719/1312/2992/55847/1340/6648/2548/1327/4704/10580/9377/5160/388753/847/1537/1431,GOBP,Mitochondria and metabolism
GO:0002455,GO:0002455,Humoral Immune Response Mediated By Circulating Immunoglobulin,2.012977893,0.027733175,718/720/3500/3263/3493/5788,GOBP,Immune Response and Regulation
GO:0030695,GO:0030695,GTPase Regulator Activity,-2.528040582,2.80E-06,9515/57580/8567/23380/5902/5910/23365/1983/9922/10059/23236/23108/9901/23637/6305/134957/394/6904/5909/11033/23362/28964/10681/6000/8874,GOMF,Microtubule organisation
GO:0060589,GO:0060589,Nucleoside-Triphosphatase Regulator Activity,-2.528040582,2.80E-06,9515/57580/8567/23380/5902/5910/23365/1983/9922/10059/23236/23108/9901/23637/6305/134957/394/6904/5909/11033/23362/28964/10681/6000/8874,GOMF,Microtubule organisation
GO:0008047,GO:0008047,Enzyme Activator Activity,-2.233484972,7.31E-05,10006/2534/9515/350/57580/5529/8567/23380/3672/5605/5902/23365/5604/28988/261726/1983/10059/23236/23108/9901/23637/5581/134957/394/6904/5909/11033/28964/9475/10681/5300/6000/57512,GOMF,Endoplasmic reticulum and secretory pathway
GO:0003924,GO:0003924,GTPase Activity,-2.227103592,7.31E-05,2782/403/2775/22808/81876/201475/5898/56681/10383/5868/5870/391/10376/2783/5878/3265/11076/1917/998/2909/53916/10890/5861/51560/5862/5879/5874/51552/7280/10381/5899/22931/375/2770/388/2935/11021/11031/26052/2794/51062/381/10059/5864/22800/2781/1759/115827/394/5909/10681/6000,GOMF,Immune Response and Regulation
GO:0005096,GO:0005096,GTPase Activator Activity,-2.382500786,0.00010657,9515/57580/23380/5902/23365/1983/10059/23236/23108/9901/23637/134957/394/6904/5909/11033/28964/10681/6000,GOMF,Immune Response and Regulation
GO:0019001,GO:0019001,Guanyl Nucleotide Binding,-2.129643755,0.000285441,2775/22808/81876/201475/5898/56681/10383/5868/5870/391/10376/3320/5878/3265/1917/998/2288/29789/2909/53916/10890/126298/5861/51560/7277/5862/309/5879/5874/51552/7280/10381/5899/22931/375/2770/30845/388/55915/8396/2935/11021/51143/11031/26052/2794/51062/381/1983/10059/5864/22800/2781/1759/115827/5138,GOMF,Immune Response and Regulation
GO:0032561,GO:0032561,Guanyl Ribonucleotide Binding,-2.129643755,0.000285441,2775/22808/81876/201475/5898/56681/10383/5868/5870/391/10376/3320/5878/3265/1917/998/2288/29789/2909/53916/10890/126298/5861/51560/7277/5862/309/5879/5874/51552/7280/10381/5899/22931/375/2770/30845/388/55915/8396/2935/11021/51143/11031/26052/2794/51062/381/1983/10059/5864/22800/2781/1759/115827/5138,GOMF,Immune Response and Regulation
GO:0005201,GO:0005201,Extracellular Matrix Structural Constituent,2.224517734,0.00078169,2200/1292/1291/1293/3915/3913/3908/2266/1462/3911/176,GOMF,Extracellular matrix and adhesion
GO:0005525,GO:0005525,GTP Binding,-2.057420547,0.00078169,2775/22808/81876/201475/5898/56681/10383/5868/5870/391/10376/3320/5878/3265/1917/998/2288/29789/2909/53916/10890/126298/5861/51560/7277/5862/309/5879/5874/51552/7280/10381/5899/22931/375/2770/30845/388/55915/8396/2935/11021/11031/26052/2794/51062/381/1983/10059/5864/22800/2781/1759/115827,GOMF,Microtubule organisation
GO:0004866,GO:0004866,Endopeptidase Inhibitor Activity,2.150574947,0.000863675,2/351/1293/5265/718/720/1992/302/27344/6653/1471/12/5621,GOMF,Peptidase activity
GO:0005178,GO:0005178,Integrin Binding,2.081410991,0.001676797,2200/351/3913/3679/3383/3673/5034/102/3936/2246/811/3688/83700/928/3911/3684/2670/3689/5803/3655/3691/7402/7094/3339,GOMF,Microtubule organisation
GO:0030414,GO:0030414,Peptidase Inhibitor Activity,2.168623435,0.001801436,2/351/1293/5265/718/720/1992/302/27344/6653/1471/12/5621,GOMF,Peptidase activity
GO:0061134,GO:0061134,Peptidase Regulator Activity,2.106053838,0.001801436,2/351/1293/5265/718/720/1992/302/5720/27344/6653/1471/12/5621/3329/5721/5269/4057,GOMF,Peptidase activity
GO:0061135,GO:0061135,Endopeptidase Regulator Activity,2.136075115,0.001902797,2/351/1293/5265/718/720/1992/302/5720/27344/6653/1471/12/5621/3329/5721/5269/4057,GOMF,Peptidase activity
GO:0004867,GO:0004867,Serine-Type Endopeptidase Inhibitor Activity,2.092202739,0.002164689,2/351/1293/5265/1992/302/27344,GOMF,Peptidase activity
GO:0004857,GO:0004857,Enzyme Inhibitor Activity,1.934185194,0.002924892,2/351/1293/5265/718/720/306/1992/302/5788/301/8826/27344/6418/3309/3315/307/6653/7184/1471/308/12/5621,GOMF,Peptidase activity
GO:0016773,GO:0016773,"Phosphotransferase Activity, Alcohol Group As Acceptor",-1.959127098,0.003823629,23396/283209/5058/8566/1457/5214/5211/7525/2534/8396/6416/5605/22848/57118/5604/4067/5602/9201/2043/166614/5581/814/9475/5297,GOMF,Microtubule organisation
GO:0046914,GO:0046914,Transition Metal Ion Binding,1.918007265,0.004177694,351/1356/6285/8639/759/811/51056/7018/760/22933/2992/3422/6648/2495/10493/1429/1368/8411/9104/210/6279/2512/28970/4012/7402/128/388753/1465/5621/1363/6647/1837/23549/4835/3612/4057,GOMF,Microtubule organisation
GO:0004672,GO:0004672,Protein Kinase Activity,-2.028829519,0.005342999,5058/1457/7525/2534/6416/5605/22848/57118/5604/4067/5602/9201/2043/166614/5581/814/9475,GOMF,Peptidase activity
GO:0004930,GO:0004930,G Protein-Coupled Receptor Activity,-2.123393141,0.007284733,23284/57528/2550/9568/2912/2913/57512,GOMF,Endoplasmic reticulum and secretory pathway
GO:0030020,GO:0030020,Extracellular Matrix Structural Constituent Conferring Tensile Strength,1.857064252,0.011173105,1292/1291/1293,GOMF,Extracellular matrix and adhesion
GO:0016209,GO:0016209,Antioxidant Activity,1.998093993,0.012427255,3240/1356/10935/1728/6648/348/9588/847/6647/2950/2876/3045/3039/3043,GOMF,Mitochondria and metabolism
GO:0016301,GO:0016301,Kinase Activity,-1.894255376,0.012427255,5582/9578/51727/23396/1740/283209/5058/8566/1457/5214/1739/5211/7525/2534/8396/6416/5605/22848/57118/5604/4067/5602/9201/2043/166614/5581/814/9475/5297,GOMF,Peptidase activity
GO:0000149,GO:0000149,Snare Binding,-2.003341189,0.012856609,8417/9892/8775/8774/6622/112476/112755/63908/9515/6844/10815/23673/10814/4905/127833/6616/84258/6804/6857/134957/6812/9066,GOMF,Synaptic regulation
GO:0140678,GO:0140678,Molecular Function Inhibitor Activity,1.823059719,0.014108042,2/351/1293/5265/718/720/306/1992/302/5788/301/8826/3916/27344/6418/3309/3315/307/6653/3547/7184/1471/308/2040/12/5621,GOMF,Mitochondria and metabolism
GO:0016860,GO:0016860,Intramolecular Oxidoreductase Activity,1.934205605,0.014227334,9601/5730/5034/10130/3422/2923,GOMF,Mitochondria and metabolism
GO:0046873,GO:0046873,Metal Ion Transmembrane Transporter Activity,-2.012120247,0.015032554,781/2823/477/7779/6506/476/3737/57282/9254/8514/8671/6546/6529/57030/490/6543/3778/11261/6558/6327/492/6616/491/6326,GOMF,Mitochondria and metabolism
GO:0015631,GO:0015631,Tubulin Binding,-1.827078941,0.015032554,5058/22924/9181/10982/9793/1780/11261/9217/79187/2534/1155/547/83988/26052/57662/4067/10059/7461/23637/81565/166614/23122/84251/1759/6904/55605/28964/3796/3800/8874,GOMF,Microtubule organisation
GO:0140993,GO:0140993,Histone Modifying Activity,-1.828730532,0.016376318,5494/5500/57460/57026/9578/5781/5530/5058/1457/7525/5516/5536/5792/2534/6416/5605/22848/5604/5789/4067/9201/2043/166614/5532/1845/9829/5802/9475,GOMF,Endoplasmic reticulum and secretory pathway
GO:0097493,GO:0097493,Structural Molecule Activity Conferring Elasticity,1.668359614,0.016376318,2200/3915/79026,GOMF,Microtubule organisation
GO:0106310,GO:0106310,Protein Serine Kinase Activity,-1.971250985,0.017351599,5582/9578/5058/1457/6416/5605/22848/57118/5604/5602/9201/166614/5581/814/9475,GOMF,Peptidase activity
GO:0016772,GO:0016772,"Transferase Activity, Transferring Phosphorus-Containing Groups",-1.800018093,0.01783311,23396/1740/283209/5058/8566/1457/5214/60496/1739/5211/7525/2534/8396/6416/5605/22848/57118/5604/4067/5602/9201/2043/166614/5581/814/9475/5297,GOMF,Endoplasmic reticulum and secretory pathway
GO:0033218,GO:0033218,Amide Binding,1.875814399,0.020963714,351/2944/3673/1410/4099/51228/7417/7416/5660/3030/6653/3684/5479/3689/1471/4035/348/5621/3339/54749,GOMF,Endoplasmic reticulum and secretory pathway
GO:0004674,GO:0004674,Protein Serine/Threonine Kinase Activity,-1.901736429,0.023503299,5582/9578/5058/1457/2534/6416/5605/22848/57118/5604/5602/9201/166614/5581/814/9475,GOMF,Peptidase activity
GO:0017075,GO:0017075,Syntaxin-1 Binding,-2.004079294,0.025649632,6844/10814/4905/6616/6857/134957/6812,GOMF,Synaptic regulation
GO:0035173,GO:0035173,Histone Kinase Activity,-1.890634814,0.025649632,5058/1457/7525/2534/6416/5605/22848/5604/4067/9201/2043/166614/9475,GOMF,Peptidase activity
GO:0140996,GO:0140996,Histone H3 Kinase Activity,-1.890634814,0.025649632,5058/1457/7525/2534/6416/5605/22848/5604/4067/9201/2043/166614/9475,GOMF,Peptidase activity
GO:0044548,GO:0044548,S100 Protein Binding,1.9114611,0.026368622,79026/6285/302/2246/8826,GOMF,Endoplasmic reticulum and secretory pathway
GO:0009055,GO:0009055,Electron Transfer Activity,1.898232257,0.031096084,4129/7384/1329/4719/1340/5860/1327/4704/1536/9377/128/1537/4835/8659/26227/231,GOMF,Mitochondria and metabolism
GO:0003756,GO:0003756,Protein Disulfide Isomerase Activity,1.792943994,0.035169075,9601/5034/10130/2923,GOMF,Endoplasmic reticulum and secretory pathway
GO:0016864,GO:0016864,"Intramolecular Oxidoreductase Activity, Transposing S-S Bonds",1.792943994,0.035169075,9601/5034/10130/2923,GOMF,Mitochondria and metabolism
GO:0005539,GO:0005539,Glycosaminoglycan Binding,1.901947269,0.036007247,2200/960/351/3507/60484/5788/2246/1462/176/3098/348/3068/5621,GOMF,Mitochondria and metabolism
GO:0097621,GO:0097621,Monoamine Oxidase Activity,1.561701239,0.036007247,4129/4128,GOMF,Mitochondria and metabolism
GO:0035254,GO:0035254,Glutamate Receptor Binding,-1.98621231,0.04103257,1740/1739/2534/4905/26052/54550/491/1742/9456/1741,GOMF,Synaptic regulation
GO:0001846,GO:0001846,Opsonin Binding,1.804105552,0.042793163,720/811/3684/3689,GOMF,Immune Response and Regulation
GO:0019834,GO:0019834,Phospholipase A2 Inhibitor Activity,1.62963774,0.042793163,306/302/301,GOMF,Endoplasmic reticulum and secretory pathway
GO:0008131,GO:0008131,Primary Methylamine Oxidase Activity,1.627425061,0.042793163,4129/4128/8639,GOMF,Mitochondria and metabolism
GO:0030058,GO:0030058,Aliphatic Amine Dehydrogenase Activity,1.627425061,0.042793163,4129/4128/8639,GOMF,Mitochondria and metabolism
GO:0052595,GO:0052595,Aliphatic Amine Oxidase Activity,1.627425061,0.042793163,4129/4128/8639,GOMF,Mitochondria and metabolism
GO:0141003,GO:0141003,Histone H2Ax Kinase Activity,-1.867339414,0.044150213,5058/1457/7525/2534/6416/5605/22848/5604/4067/9201/2043/166614/9475,GOMF,Endoplasmic reticulum and secretory pathway
GO:0005788,GO:0005788,Endoplasmic Reticulum Lumen,2.704063012,1.85E-08,2200/1292/351/29106/1291/1293/5265/1356/718/720/3915/5589/3913/8404/9601/2266/5034/102/23193/1462/10130/811/7018/3309/2923/5479/821/7184/1471/1605/813/10961/348,GOCC,Endoplasmic reticulum and secretory pathway
GO:0030312,GO:0030312,External Encapsulating Structure,2.52404737,1.85E-08,2200/2/1292/1291/1293/954/5265/3915/3959/60484/3913/3908/8404/2266/3383/7143/3263/1992/5004/302/301/2246/1462/811/5660/3911/176/307/6279/7184/5803/1605/308/1508/3691/348/12/3068/3339/249/3897/5269/7052/22795/1509/63827,GOCC,Extracellular matrix and adhesion
GO:0031012,GO:0031012,Extracellular Matrix,2.52404737,1.85E-08,2200/2/1292/1291/1293/954/5265/3915/3959/60484/3913/3908/8404/2266/3383/7143/3263/1992/5004/302/301/2246/1462/811/5660/3911/176/307/6279/7184/5803/1605/308/1508/3691/348/12/3068/3339/249/3897/5269/7052/22795/1509/63827,GOCC,Extracellular matrix and adhesion
GO:0062023,GO:0062023,Collagen-Containing Extracellular Matrix,2.520617249,1.85E-08,2200/2/1292/1291/1293/954/5265/3915/3959/60484/3913/3908/8404/2266/3383/7143/3263/1992/5004/302/301/1462/811/5660/3911/176/307/6279/7184/5803/1605/308/1508/3691/348/12/3068/3339/3897/5269/7052/22795/1509/63827,GOCC,Extracellular matrix and adhesion
GO:0042734,GO:0042734,Presynaptic Membrane,-2.438463373,2.66E-06,1173/492/5789/1212/6616/57528/491/2550/6326/2043/401190/6857/1759/6812/9066/2912/9829/5802/10681/5138/2913/57512/84628,GOCC,Synaptic regulation
GO:0072562,GO:0072562,Blood Microparticle,2.379583054,3.66E-06,3240/2/1356/3507/718/720/3959/3306/3514/2266/3500/3263/3493/5004/7018/3502/308/6521/1192/2040/348/12/4478,GOCC,Unclassified
GO:0009897,GO:0009897,External Side Of Plasma Membrane,2.270256339,1.45E-05,4340/361/3679/2266/3383/4162/3673/5034/5788/3123/811/3916/3688/928/4897/3684/3689/824/1605/3655/2209/308/1508/5027/5621,GOCC,Microtubule organisation
GO:0070382,GO:0070382,Exocytic Vesicle,-2.070644332,0.000394168,8417/9892/388662/10987/10890/6622/535/2572/112476/162/5874/11311/1211/51382/80331/9522/9899/57030/490/6844/6853/23673/1173/160/6854/127833/1212/6616/84258/6804/9922/10059/23312/5864/81565/6857/115827/134957/10947/8927/9066/1742/5802/22895,GOCC,Extracellular matrix and adhesion
GO:0005740,GO:0005740,Mitochondrial Envelope,2.03181559,0.000394168,351/4129/4128/293/7385/7384/94081/1329/4719/23446/7417/2820/3032/7416/55847/1340/1727/8604/5250/291/3030/10493/1327/4704/821/3098/9377/388753/5621/3329/4976/1267/6647/249/1537/445,GOCC,Mitochondria and metabolism
GO:0030672,GO:0030672,Synaptic Vesicle Membrane,-2.1974918,0.000474266,6622/535/2572/112476/5874/1211/51382/80331/9522/9899/57030/490/6844/6853/23673/6854/127833/1212/6804/10059/23312/5864/6857/115827/8927/9066/5802/22895,GOCC,Synaptic regulation
GO:0099501,GO:0099501,Exocytic Vesicle Membrane,-2.1974918,0.000474266,6622/535/2572/112476/5874/1211/51382/80331/9522/9899/57030/490/6844/6853/23673/6854/127833/1212/6804/10059/23312/5864/6857/115827/8927/9066/5802/22895,GOCC,Extracellular matrix and adhesion
GO:0008021,GO:0008021,Synaptic Vesicle,-2.058284438,0.000474266,8417/9892/388662/10987/6622/535/2572/112476/162/5874/11311/1211/51382/80331/9522/9899/57030/490/6844/6853/23673/1173/160/6854/127833/1212/6616/6804/9922/10059/23312/5864/81565/6857/115827/134957/10947/8927/9066/1742/5802/22895,GOCC,Synaptic regulation
GO:0031966,GO:0031966,Mitochondrial Membrane,2.028929575,0.000506222,351/4129/4128/293/7385/7384/94081/1329/4719/23446/7417/2820/3032/7416/55847/1340/1727/8604/5250/291/3030/10493/1327/4704/821/3098/9377/5621/3329/4976/1267/249/1537/445,GOCC,Mitochondria and metabolism
GO:0045211,GO:0045211,Postsynaptic Membrane,-2.147438794,0.000510436,1739/6529/1627/3778/1399/287/288/2891/107/23380/26052/57528/491/2550/2043/9568/401190/6857/2912/1742/5802/10681/1741/2913/57512/22895,GOCC,Synaptic regulation
GO:0005775,GO:0005775,Vacuolar Lumen,2.018159169,0.000765434,718/427/302/950/1462/23593/1200/5538/5660/2992/1727/2548/176/10493/23646/2512/1508/12/55313/9588/3339/54749/3074/2171/3920/11240/1509/63827/8836/5834/29952,GOCC,Endoplasmic reticulum and secretory pathway
GO:0140534,GO:0140534,Endoplasmic Reticulum Protein-Containing Complex,2.070620074,0.002547121,5589/5034/23193/10130/811/3309/2923/5479/7184,GOCC,Endoplasmic reticulum and secretory pathway
GO:0031045,GO:0031045,Dense Core Granule,-2.097793792,0.003008857,547/127833/23312/6857/134957/9066/8618,GOCC,Endoplasmic reticulum and secretory pathway
GO:1990204,GO:1990204,Oxidoreductase Complex,2.086939984,0.003008857,7385/7384/5034/1329/4719/3032/1340/1727/3030/1327/4704/1536/9377/5160/847/1537,GOCC,Mitochondria and metabolism
GO:0005743,GO:0005743,Mitochondrial Inner Membrane,2.02980269,0.003008857,351/293/7385/7384/94081/1329/4719/2820/3032/1340/8604/5250/291/3030/1327/4704/9377/3329/4976/1267,GOCC,Mitochondria and metabolism
GO:0019866,GO:0019866,Organelle Inner Membrane,2.015564284,0.003008857,351/293/7385/7384/94081/1329/4719/2820/3032/1340/8604/5250/291/3030/1327/4704/9377/3329/4976/1267,GOCC,Mitochondria and metabolism
GO:0098636,GO:0098636,Protein Complex Involved In Cell Adhesion,2.069803549,0.003455021,3915/3913/3908/3679/7143/5354/3673/3688/83700/3684/3689/3655/3691,GOCC,Extracellular matrix and adhesion
GO:0060076,GO:0060076,Excitatory Synapse,-2.187688968,0.003554609,57030/2891/10154/492/7533/10458/491/6857/6812/8927/1742/10681/91584/9456,GOCC,Synaptic regulation
GO:0043202,GO:0043202,Lysosomal Lumen,2.050846282,0.004683693,427/950/1462/1200/5538/5660/2992/2548/176/23646/1508/3339/54749/3074/3920/1509/63827,GOCC,Apoptosis
GO:0030117,GO:0030117,Membrane Coat,-2.106739413,0.004701375,29924/1213/162/1211/164/58513/163/161/8867/83988/1173/160/1212/25977/84251/8943/1759/8120/10947,GOCC,Extracellular matrix and adhesion
GO:0048475,GO:0048475,Coated Membrane,-2.106739413,0.004701375,29924/1213/162/1211/164/58513/163/161/8867/83988/1173/160/1212/25977/84251/8943/1759/8120/10947,GOCC,Extracellular matrix and adhesion
GO:0005604,GO:0005604,Basement Membrane,2.043182256,0.004701375,2200/1291/954/3915/3913/3908/302/3911/1605/3691/3339,GOCC,Extracellular matrix and adhesion
GO:0099568,GO:0099568,Cytoplasmic Region,-1.97142425,0.004701375,547/6416/8541/57662/1212/10458/27445/81565/23122/8943/8120/6812/1500/3208/10947/8927/55605/1742/3800,GOCC,Endoplasmic reticulum and secretory pathway
GO:0005581,GO:0005581,Collagen Trimer,1.872484447,0.004701375,1292/1291/1293,GOCC,Extracellular matrix and adhesion
GO:0098637,GO:0098637,Protein Complex Involved In Cell-Matrix Adhesion,1.862962128,0.005591073,3915/3913/3908/7143,GOCC,Extracellular matrix and adhesion
GO:0043218,GO:0043218,Compact Myelin,1.858060627,0.006034359,302/4099/83700/22933/4155,GOCC,Microtubule organisation
GO:0030118,GO:0030118,Clathrin Coat,-2.075605581,0.00685869,1213/162/1211/164/58513/163/161/8867/83988/1173/160/1212/25977/84251/10947,GOCC,Extracellular matrix and adhesion
GO:0005589,GO:0005589,Collagen Type VI Trimer,1.543811739,0.00685869,1291/1293,GOCC,Microtubule organisation
GO:0098647,GO:0098647,Collagen Beaded Filament,1.543811739,0.00685869,1291/1293,GOCC,Microtubule organisation
GO:0140086,GO:0140086,Basement Membrane/Interstitial Matrix Interface,1.543811739,0.00685869,1291/1293,GOCC,Microtubule organisation
GO:0030658,GO:0030658,Transport Vesicle Membrane,-1.777004442,0.008919803,6622/5861/535/2572/112476/162/5874/4135/1211/164/51382/80331/9522/9899/57030/490/6844/6853/23673/83988/160/6854/127833/762/8615/1212/84258/6804/10059/23312/5864/6857/115827/8927/9066/5802/22895,GOCC,Extracellular matrix and adhesion
GO:0150034,GO:0150034,Distal Axon,-1.757120741,0.008919803,6624/4137/6622/793/112476/60412/10540/4644/1400/5582/3737/57282/29993/3326/85300/10381/2596/6546/1627/6543/11344/10409/8239/8867/10006/10815/10814/57580/7162/22848/114787/6616/3831/5864/2043/23122/22902/22911/8943/1525/1500/55605/28964/5802/3800,GOCC,Synaptic regulation
GO:0015934,GO:0015934,Large Ribosomal Subunit,1.953121678,0.012558861,6147/6138/6142/6181/6129/6139/6122/6136/6137/6130/6175,GOCC,Endoplasmic reticulum and secretory pathway
GO:0022625,GO:0022625,Cytosolic Large Ribosomal Subunit,1.953121678,0.012558861,6147/6138/6142/6181/6129/6139/6122/6136/6137/6130/6175,GOCC,Endoplasmic reticulum and secretory pathway
GO:0031093,GO:0031093,Platelet Alpha Granule Lumen,1.96586401,0.012898791,2/351/5265/2266/5004,GOCC,Endoplasmic reticulum and secretory pathway
GO:0005871,GO:0005871,Kinesin Complex,-1.935196164,0.012898791,547/3831/81565/55605/3796/3800,GOCC,Peptidase activity
GO:0019814,GO:0019814,Immunoglobulin Complex,1.902504315,0.014346585,3507/3514/3500/3493/3542/3502,GOCC,Immune Response and Regulation
GO:0030125,GO:0030125,Clathrin Vesicle Coat,-1.934779508,0.015857376,1213/162/1211/164/163/161/83988/1173/160/1212/25977/84251,GOCC,Extracellular matrix and adhesion
GO:0044306,GO:0044306,Neuron Projection Terminus,-1.873743491,0.016170593,9114/6855/5868/6623/57465/6622/6506/793/112476/5582/3737/57282/29993/6546/6543/8867/6844/10815/10814/7162/22848/10458/5864/2043/6857/8943/8927/1742/28964,GOCC,Synaptic regulation
GO:0042383,GO:0042383,Sarcolemma,1.794609779,0.016282783,1292/1291/1293/361/3908/79026/302/301/5962/3916/3688/6641/1605/7414/308/113146/7402,GOCC,Microtubule organisation
GO:0030123,GO:0030123,AP-3 Adaptor Complex,-1.651940277,0.016282783,8120/10947,GOCC,Endoplasmic reticulum and secretory pathway
GO:0005838,GO:0005838,Proteasome Regulatory Particle,-1.98012857,0.01671441,5705/5709/5716/5704/5713/5707/9861/5700/5717/5719/5708/5718/5711/5701/5706/5702,GOCC,Peptidase activity
GO:0098839,GO:0098839,Postsynaptic Density Membrane,-1.91884845,0.016847515,1740/1739/2891/107/491/2043/401190/1742/5802/1741/57512,GOCC,Synaptic regulation
GO:0031970,GO:0031970,Organelle Envelope Lumen,1.918386159,0.020895819,351/4719/6653/1327/9377/388753/4976/6647/249,GOCC,Endoplasmic reticulum and secretory pathway
GO:0005902,GO:0005902,Microvillus,1.855409444,0.025375394,960/1499/8639/5962/4642/4641/83700/25932/4478/1267,GOCC,Microtubule organisation
GO:0098798,GO:0098798,Mitochondrial Protein-Containing Complex,1.85058249,0.025959432,293/3032/7416/291/3030,GOCC,Mitochondria and metabolism
hsa04144,hsa04144,Endocytosis,-2.102873971,0.0003863,9798/3312/5878/3265/998/29924/1213/6642/10890/11311/112936/84313/9559/1211/58513/55737/9135/375/23396/163/9146/161/27183/30845/57180/10015/6456/11021/6455/1173/11031/160/26052/51100/56904/51699/1212/381/6457/9922/8723/1759/23362/28964/9829/51534/3800,KEGG,Extracellular matrix and adhesion
hsa04512,hsa04512,ECM-Receptor Interaction,2.183371657,0.000615607,960/1292/1291/1293/3915/3913/3908/3679/7143/3673/3688/3911/1605/3655/3691,KEGG,Extracellular matrix and adhesion
hsa01100,hsa01100,Metabolic Pathways,1.727321464,0.000615607,4129/2944/954/4128/7385/7384/5730/427/1329/8639/759/23193/4719/113026/443/1312/1728/51056/5538/3032/760/4507/22933/2992/1340/501/3422/6888/5860/2548/3030/29968/23646/1327/23475/11112/4704/133121/9104/210/22978/11164/22908/29925/3098/51084/3295/10840/5333/9377/128/5160/952/5305/9588/847/873/3074/5238/2950/875/249/683/8991/3033/8644/55748/1537/1431/4860/445/3612/134147/2876/223/8659/22875/2746/51144/26227/51292/231/25796/653689/55361/50/132789/2098/9380/10135/5834/2729/953/5092/51181/5208/217/5338/10007/2806/80347/10606/874/2947/3176/216/1892/10654/9296,KEGG,Mitochondria and metabolism
hsa04820,hsa04820,Cytoskeleton In Muscle Cells,1.922265112,0.00375615,2200/1292/1291/1293/3908/3679/3673/1462/3688/4629/6641/1832/1605/7414/3655/483/3691/1465/7094/3339/1837/3728,KEGG,Microtubule organisation
hsa05222,hsa05222,Small Cell Lung Cancer,2.029366877,0.015228025,3915/3913/3908/3673/3688/3911/3655,KEGG,Microtubule organisation
hsa05208,hsa05208,Chemical Carcinogenesis - Reactive Oxygen Species,1.932643491,0.018134139,2944/293/7385/7384/1329/4719/7417/1728/7416/1340/2052/6648/291/1327/4704/9377/847/873/6647/8644/1537/1956,KEGG,Mitochondria and metabolism
hsa05150,hsa05150,Staphylococcus Aureus Infection,1.95603302,0.027176649,718/720/2266/3383/3123/3684/3689/2209,KEGG,Immune Response and Regulation
hsa05171,hsa05171,Coronavirus Disease - COVID-19,1.842248095,0.027837951,718/720/2266/6772/6147/6138/1536/6142/6181/6129/6139/6122/6136/6137/6130/1956/6175/6210/6233/5595/100529239/6124,KEGG,Immune Response and Regulation
hsa04610,hsa04610,Complement and Coagulation Cascades,1.952802327,0.029166076,2/5265/718/720/2266/3684/3689,KEGG,Immune Response and Regulation
hsa04072,hsa04072,Phospholipase D Signaling Pathway,-1.904095781,0.032909848,108/5781/5899/375/23396/2534/107/5605/26052/5604/23236/22800/1759/2912/2913,KEGG,Mitochondria and metabolism
hsa04961,hsa04961,Endocrine And Other Factor-Regulated Calcium Reabsorption,-1.894678762,0.032909848,477/1213/793/476/5582/1211/6546/163/490/6543/161/1173/160/492/26052/1212/491/23236/1759,KEGG,Endoplasmic reticulum and secretory pathway
hsa05415,hsa05415,Diabetic Cardiomyopathy,1.826660554,0.037069852,293/7385/7384/1329/4719/7417/7416/1340/291/1327/4704/1536/9377/5160,KEGG,Microtubule organisation
hsa04724,hsa04724,Glutamatergic Synapse,-1.810750521,0.037069852,6506/2786/5582/108/2788/2752/5530/2770/57030/2891/107/23236/5532/2912/1742/10681/9456/2913,KEGG,Synaptic regulation
hsa04024,hsa04024,Camp Signaling Pathway,-1.851527781,0.039382501,5879/5500/476/108/5058/2770/490/2891/107/5605/492/5604/491/2550/5602/22800/9568/814/9475,KEGG,Mitochondria and metabolism
hsa05165,hsa05165,Human Papillomavirus Infection,1.743668952,0.039382501,1292/1291/1293/3915/3913/3908/3679/7143/3673/1499/6772/3688/3911,KEGG,Immune Response and Regulation
hsa04510,hsa04510,Focal Adhesion,1.749751044,0.042447863,1292/1291/1293/3915/3913/3908/3679/103910/7143/3673/1499/3688/2316/3911/824/7414/3655/3691/7094/2317,KEGG,Extracellular matrix and adhesion
hsa05140,hsa05140,Leishmaniasis,1.928402143,0.045795297,718/3123/6772/3688/3684/3689/1536/2209/65108/5595,KEGG,Immune Response and Regulation
hsa04360,hsa04360,Axon Guidance,-1.725949796,0.045795297,5530/5058/2770/2534/10154/23380/23365/9901/2043/5532/9475/91584/5361/8440/84628,KEGG,Microtubule organisation
hsa04640,hsa04640,Hematopoietic Cell Lineage,1.821254391,0.049827869,960/3673/3123/928/3684/3655/2209/952,KEGG,Immune Response and Regulation
hsa05145,hsa05145,Toxoplasmosis,1.808122215,0.049827869,3915/3913/3908/3123/6772/3688/3911/3655,KEGG,Immune Response and Regulation
hsa04114,hsa04114,Oocyte Meiosis,-1.792734775,0.049827869,10971/5567/805/7531/817/8454/5534/5500/5528/7534/7529/108/5530/5518/5516/107/5529/7532/5604/7533/5532,KEGG,Microtubule organisation
hsa00982,hsa00982,Drug Metabolism - Cytochrome P450,1.792585737,0.049827869,4129/2944/4128,KEGG,Mitochondria and metabolism
hsa04974,hsa04974,Protein Digestion And Absorption,1.785847606,0.049827869,1292/1291/1293,KEGG,Peptidase activity
hsa05135,hsa05135,Yersinia Infection,-1.7815751,0.049827869,1399/57180/6416/5605/23365/5604/10458/5602/9475/8874,KEGG,Immune Response and Regulation
hsa00190,hsa00190,Oxidative Phosphorylation,1.769316131,0.049827869,7385/7384/1329/4719/1340/1327/4704/64077/9377,KEGG,Mitochondria and metabolism
hsa04730,hsa04730,Long-Term Depression,-1.739307264,0.049827869,5518/2770/5516/2891/5605/5604/4067/23236/2781,KEGG,Synaptic regulation
hsa00360,hsa00360,Phenylalanine Metabolism,1.732728329,0.049827869,4129/4128/8639,KEGG,Mitochondria and metabolism
R-HSA-1474244,R-HSA-1474244,Extracellular Matrix Organization,2.517629061,5.73E-08,2200/960/2/1292/351/1291/1293/3915/3913/3908/3679/2266/3383/7143/3673/5034/102/1462/3688/83700/3911/176/3684/6641/5479/3689/824/1605/3655/1508/3691/7402,Reactome,Extracellular matrix and adhesion
R-HSA-8957275,R-HSA-8957275,Post-Translational Protein Phosphorylation,2.382030481,2.17E-06,2200/351/29106/5265/1356/718/720/3915/5589/3913/8404/2266/5034/102/1462/10130/7018,Reactome,Endoplasmic reticulum and secretory pathway
R-HSA-112316,R-HSA-112316,Neuronal System,-2.231498279,7.34E-06,5577/4137/7277/6506/5879/2572/2786/5582/3737/108/7280/9254/2788/2561/8514/10381/2036/2752/1740/80331/163/1739/2770/6529/57030/161/3778/5792/2891/6844/10815/6853/107/83988/1173/8541/7102/160/6854/4905/127833/5789/28988/6616/6804/23236/2550/5864/9568/6857/6812/814/9066/1742/28964/5802/10681/9456/8874/1741,Reactome,Synaptic regulation
R-HSA-3000178,R-HSA-3000178,ECM Proteoglycans ,2.252289657,4.95E-05,1292/351/1291/1293/3915/3913/3908/3679/7143/3673/1462/3688/3911/176,Reactome,Extracellular matrix and adhesion
R-HSA-114608,R-HSA-114608,Platelet Degranulation,2.178499415,7.91E-05,2/351/29106/5265/3959/2266/5004/928/2316/7018/5660/3309/23052/7414/308/813/51097/12/8407/7094/6647/3920,Reactome,Immune Response and Regulation
R-HSA-1474228,R-HSA-1474228,Degradation Of The Extracellular Matrix,2.209624764,0.000107377,2200/960/2/1292/1291/1293/3915/102/3911/176/824/1508,Reactome,Extracellular matrix and adhesion
R-HSA-212676,R-HSA-212676,Dopamine Neurotransmitter Release Cycle,-2.274279957,0.000192237,6844/10815/6853/8541/6854/6616/6804/5864/6857/6812,Reactome,Synaptic regulation
R-HSA-112315,R-HSA-112315,Transmission Across Chemical Synapses,-2.067265461,0.000192237,5577/4137/7277/6506/5879/2572/2786/5582/108/7280/9254/2788/2561/10381/2036/2752/1740/80331/163/1739/2770/6529/57030/161/2891/6844/10815/6853/107/83988/1173/8541/7102/160/6854/4905/6616/6804/23236/2550/5864/9568/6857/6812/814/1742/28964/10681/8874/1741,Reactome,Synaptic regulation
R-HSA-76005,R-HSA-76005,Response To Elevated Platelet Cytosolic Ca2+,2.143946684,0.00022074,2/351/29106/5265/3959/2266/5004/928/2316/7018/5660/3309/23052/7414/308/813/51097/12/8407/7094/6647/3920,Reactome,Extracellular matrix and adhesion
R-HSA-6794362,R-HSA-6794362,Protein-Protein Interactions at Synapses,-2.410718751,0.000314066,2036/1740/1739/5792/8541/127833/5789/28988/6804/6857/6812/9066/1742/5802/9456/1741,Reactome,Synaptic regulation
R-HSA-181429,R-HSA-181429,Serotonin Neurotransmitter Release Cycle,-2.281044991,0.000360349,6844/10815/6853/8541/6854/6616/6804/5864/6857/6812,Reactome,Synaptic regulation
R-HSA-216083,R-HSA-216083,Integrin Cell Surface Interactions,2.138780826,0.000539417,2200/960/1292/1291/1293/3679/2266/3383/3673/3688/83700/3684/3689/3655,Reactome,Extracellular matrix and adhesion
R-HSA-3000171,R-HSA-3000171,Non-Integrin Membrane-ECM Interactions,2.044613465,0.001130557,3915/3913/3908/3673/3688/3911/6641/1605/3655/3691/7402/3339/1837,Reactome,Extracellular matrix and adhesion
R-HSA-112314,R-HSA-112314,Neurotransmitter Receptors And Postsynaptic Signal Transmission,-2.033981422,0.00159716,55327/5567/805/817/2782/59345/27020/10383/10376/2783/3265/5576/5577/4137/7277/5879/2786/5582/108/7280/2788/2561/10381/2036/1740/163/1739/2770/161/2891/107/83988/1173/7102/160/4905/23236/2550/9568/814/1742/28964/10681/8874/1741,Reactome,Synaptic regulation
R-HSA-9734767,R-HSA-9734767,Developmental Cell Lineages,2.046332483,0.001683501,3915/3913/3908/306/302/301/3688/760/3911/3655/3691/448834/2171,Reactome,Unclassified
R-HSA-1430728,R-HSA-1430728,Metabolism,1.572301343,0.001683501,960/4129/2944/954/4128/5445/7385/7384/5730/427/1329/8639/759/1462/10226/8826/4719/113026/443/23446/1312/2820/6147/1728/6138/5538/3032/760/4507/7416/5660/2992/1340/2052/501/1727/3422/6888/8604/5860/291/2548/3030/176/29968/23646/1327/23475/11112/4704/133121/210/56898/55970/22978/11164/6142/6181/64077/6129/22908/3098/51084/3295/10840/5333/4035/9377/348/6139/128/6122/5160/952/5305/3339/6136/873/145482/3074/2171/6137/2950/875/683/3033/6130/8644/55748/1537/1431/4860/4835/445/3612/6175/6210/134147/5690/63827/2876/223/8659/114876/2746/51144/26227/51292/6233/231/25796/653689/55361/50/84836/1066/132789/2098/9380/5573/10135/5683/5834/6124/2729/953/5092/51181/5208/5687/217/5338/5688/10007/5686/2806/375790/80347/2778/3313/10606/874/54331/857/2947/3176/6222/5694/216,Reactome,Mitochondria and metabolism
R-HSA-399719,R-HSA-399719,Trafficking of AMPA Receptors,-2.174995072,0.002270977,5582/2036/163/1739/161/2891/1173/7102/160/4905/1742,Reactome,Synaptic regulation
R-HSA-399721,R-HSA-399721,"Glutamate Binding, Activation Of Ampa Receptors And Synaptic Plasticity",-2.174995072,0.002270977,5582/2036/163/1739/161/2891/1173/7102/160/4905/1742,Reactome,Synaptic regulation
R-HSA-69278,R-HSA-69278,"Cell Cycle, Mitotic",-1.881298592,0.002301458,10383/5705/5048/10376/9798/3320/3837/5709/1778/8454/5704/5713/5707/9861/5577/5700/5861/7277/5862/5500/5528/10540/7280/5692/3326/5717/1639/5719/10381/1457/5708/5718/5518/3842/9793/5701/51451/5516/1780/2029/27183/5520/51143/5706/5702/5529/51400/7532/4067/8615/81565/23122/3796,Reactome,Microtubule organisation
R-HSA-166520,R-HSA-166520,Signaling By NTRKS,-2.168440486,0.002686874,5879/5528/7529/1211/5781/5899/163/5518/5516/161/1399/2534/6456/1173/5605/160/26052/5604/6457/1759/1845/5802,Reactome,Synaptic regulation
R-HSA-6794361,R-HSA-6794361,Neurexins And Neuroligins,-2.193179298,0.00372859,127833/28988/6804/6857/6812/9066/1742/9456/1741,Reactome,Synaptic regulation
R-HSA-6785807,R-HSA-6785807,Interleukin-4 And Interleukin-13 Signaling,1.933032648,0.006097596,4128/3383/301/6772/3688/3911/3684/3689/7184,Reactome,Immune Response and Regulation
R-HSA-1474290,R-HSA-1474290,Collagen Formation,1.928748663,0.007393229,1292/1291/1293/5034/5479/3655/1508/3691,Reactome,Extracellular matrix and adhesion
R-HSA-6798695,R-HSA-6798695,Neutrophil Degranulation,1.664354434,0.007807301,3240/960/5265/718/427/1992/5004/302/5788/102/23593/8826/3916/9961/5660/2992/1727/7520/2548/2495/10493/23406/3684/1832/23114/3689/210/8773/6279/2512/1536/1471/7414/1508/196527/2040/12/55313/2547/9588/847/3074/2171/3728/3920/2950/683/11240/5269/4860/4057/1828/1823/1509/22875/3106/6518/8836/3043/5683/5834/29952,Reactome,Immune Response and Regulation
R-HSA-187037,R-HSA-187037,Signaling By NTRKS1 (TRKA),-2.091026576,0.008547248,5528/7529/1211/5899/163/5518/5516/161/1399/6456/1173/5605/160/26052/5604/6457/1759/1845,Reactome,Synaptic regulation
R-HSA-9913351,R-HSA-9913351,Formation Of The Dystrophin-Glycoprotein Complex (DGC),1.929813697,0.00864337,3915/3913/3908/3911/6641/1605/7402/3339/1837,Reactome,Synaptic regulation
R-HSA-210500,R-HSA-210500,Glutamate Neurotransmitter Release Cycle,-2.033652787,0.008896254,57030/6844/10815/8541/6616/6804/5864/6857/6812,Reactome,Synaptic regulation
R-HSA-199991,R-HSA-199991,Membrane Trafficking,-1.612180325,0.008896254,29924/29979/5050/9892/1213/57465/8775/10987/10890/8774/5861/51560/7277/5879/162/5874/11311/60412/84313/10540/7534/7529/4644/51552/7280/1211/164/29993/58513/10652/1639/10381/338/9135/22931/375/23396/9318/163/9146/1780/63908/161/287/27183/8867/288/6456/6844/547/11021/51143/6455/8567/1173/11031/160/4905/127833/26052/22848/7532/8615/7533/1212/381/6457/3831/5864/23637/25977/6305/6857/84251/1759/55605/9829/3796/51534,Reactome,Extracellular matrix and adhesion
R-HSA-1640170,R-HSA-1640170,Cell Cycle,-1.719323471,0.010762826,22919/81876/7334/10383/5705/5048/10376/9798/3320/3837/5709/10856/1778/8454/5704/5713/5707/9861/5577/5700/5861/7277/5862/5500/5528/10540/7534/7529/7280/5692/3326/5717/1639/5719/10381/1457/5708/5718/5518/3842/9793/5701/51451/5516/1780/2029/27183/5520/51143/5706/5702/5529/51400/7532/4067/8615/7533/81565/23122/3796,Reactome,Apoptosis
R-HSA-68886,R-HSA-68886,M Phase,-1.762246036,0.010912175,10383/5705/5048/10376/9798/3320/3837/5709/1778/5704/5713/5707/9861/5577/5700/5861/7277/5862/5528/10540/7280/5692/5717/1639/5719/10381/1457/5708/5718/5518/3842/9793/5701/5516/1780/2029/27183/5520/51143/5706/5702/5529/7532/8615/81565/23122/3796,Reactome,Apoptosis
R-HSA-211859,R-HSA-211859,Biological Oxidations,1.860152417,0.011440178,4129/2944/4128/8639/1312/2052/1727/128/2950/55748/4835/134147/653689/84836/1066/2098/2729/217/874/2947/216/2946/8574/10380/2687,Reactome,Mitochondria and metabolism
R-HSA-195721,R-HSA-195721,Signaling By WNT,-1.755401857,0.015440118,2783/5709/8454/5534/5704/1213/5713/5707/9861/5700/5879/2786/5528/7534/9559/5582/1211/5692/2788/5717/5719/55737/5530/1457/5708/5718/163/5518/5701/5516/161/1487/5706/5702/5529/1173/160/51699/1212/23236/5532/10681,Reactome,Endoplasmic reticulum and secretory pathway
R-HSA-8856688,R-HSA-8856688,Golgi-To-ER Retrograde Transport,-1.919762889,0.015733942,378/3799/1783/10382/832/81876/10383/5870/5048/10376/1778/5050/8775/8774/5861/51560/7277/10540/7280/1639/10381/22931/375/1780/63908/547/51143/4905/381/3831/55605/3796,Reactome,Endoplasmic reticulum and secretory pathway
R-HSA-3000157,R-HSA-3000157,Laminin Interactions,1.829841042,0.018761738,3915/3913/3908/3679/3673/3688/3911/3655/3691/3339,Reactome,Microtubule organisation
R-HSA-8856828,R-HSA-8856828,Clathrin-Mediated Endocytosis,-1.827304622,0.019025013,3312/5878/29924/29979/9892/1213/10987/1211/29993/58513/338/23396/9318/163/9146/161/8867/6456/6844/6455/1173/160/127833/26052/22848/1212/6457/25977/6857/84251/1759/9829,Reactome,Apoptosis
R-HSA-9716542,R-HSA-9716542,"Signaling By Rho GTPases, Miro GTPases And RhoTB3",-1.517169531,0.02020407,5879/29/9352/396/5500/5528/7534/23344/7529/7280/10134/9578/11188/10652/3326/10381/10787/5058/286205/9318/9146/9181/10810/5518/1627/26999/9793/3183/5516/1780/10409/8239/10006/9217/144402/388/10152/51143/57580/5529/23380/8936/3163/5910/7532/23365/7533/10458/3831/9901/22800/81565/23122/394/1742/28964/9475/3796/5300/5361/3895/8874/8440,Reactome,Endoplasmic reticulum and secretory pathway
R-HSA-162582,R-HSA-162582,Signal Transduction,-1.392999527,0.021606426,5136/9559/5582/108/7280/1211/10134/9578/5781/11188/5692/58513/10652/2788/2561/3326/5717/51382/5719/10381/55737/5899/3178/3693/23396/1740/64759/10787/5530/5058/1457/286205/5708/11171/5718/9318/163/9146/9181/10810/1739/5518/2770/1627/7525/26999/9793/5701/3183/5516/1780/161/1487/1399/2194/10409/8239/5536/10006/9217/144402/5792/2534/11343/388/8396/6456/10152/107/51143/5706/57580/5702/5529/6455/8567/23380/1173/3337/7874/5605/8936/57142/160/3163/26052/5910/7532/23365/5604/4067/51699/7533/2244/1212/10458/6457/23236/2550/3831/9901/22800/81565/9568/55512/23122/2781/1759/5581/5532/394/1500/814/1845/2912/11033/1742/28964/5802/9475/3796/10681/5300/5361/6000/3895/8874/1741/5138/10273/2913/8440,Reactome,Extracellular matrix and adhesion
R-HSA-416993,R-HSA-416993,Trafficking Of GLUR2-Containing AMPA Receptors,-1.906760279,0.026768738,5582/163/161/2891/1173/7102/160/4905,Reactome,Synaptic regulation
R-HSA-194315,R-HSA-194315,Signaling By Rho GTPases,-1.528633161,0.026768738,5879/29/9352/396/5500/5528/7534/23344/7529/7280/10134/9578/11188/10652/3326/10381/10787/5058/286205/9318/9146/9181/10810/5518/1627/26999/9793/3183/5516/1780/10409/8239/10006/9217/144402/388/10152/51143/57580/5529/23380/8936/3163/7532/23365/7533/10458/3831/9901/22800/81565/23122/394/1742/28964/9475/3796/5300/5361/3895/8874/8440,Reactome,Apoptosis
R-HSA-453274,R-HSA-453274,Mitotic G2-G2/M Phases,-1.769270069,0.027382923,10383/5705/5048/10376/3320/5709/1778/8454/5704/5713/5707/9861/5577/5700/7277/5500/10540/7280/5692/3326/5717/1639/5719/10381/5708/5718/5518/9793/5701/51451/5516/5520/5706/5702/51400/7532,Reactome,Microtubule organisation
R-HSA-69275,R-HSA-69275,G2/M Transition,-1.769270069,0.027382923,10383/5705/5048/10376/3320/5709/1778/8454/5704/5713/5707/9861/5577/5700/7277/5500/10540/7280/5692/3326/5717/1639/5719/10381/5708/5718/5518/9793/5701/51451/5516/5520/5706/5702/51400/7532,Reactome,Microtubule organisation
R-HSA-68877,R-HSA-68877,Mitotic Prometaphase,-1.885049966,0.030185405,1783/10382/203068/7531/22919/10383/5048/10376/3320/1778/5577/7277/5528/10540/7280/1639/10381/1457/5518/9793/5516/1780/51143/5529/7532/81565/23122/3796,Reactome,Microtubule organisation
R-HSA-2467813,R-HSA-2467813,Separation Of Sister Chromatids,-1.760461115,0.030185405,10383/5705/5048/10376/5709/1778/5704/5713/5707/9861/5700/7277/5528/7280/5692/5717/5719/10381/5708/5718/5518/9793/5701/5516/1780/51143/5706/5702/5529/81565/23122/3796,Reactome,Endoplasmic reticulum and secretory pathway
R-HSA-888590,R-HSA-888590,"GABA Synthesis, Release, Reuptake And Degradation",-1.956320264,0.030219117,80331/6529/6844/10815/6616/6804/5864/6857/6812,Reactome,Synaptic regulation
R-HSA-2022090,R-HSA-2022090,Assembly Of Collagen Fibrils And Other Multimeric Structures,1.799409787,0.030219117,1292/1291/1293/3655/1508/3691,Reactome,Microtubule organisation
R-HSA-447115,R-HSA-447115,Interleukin-12 Family Signaling,1.786386879,0.030219117,302/5034/3936/759/6772/4507/6648/6888/821/4478/5721/6647/6175,Reactome,Immune Response and Regulation
R-HSA-2555396,R-HSA-2555396,Mitotic Metaphase And Anaphase,-1.756320204,0.030219117,10383/5705/5048/10376/9798/3837/5709/1778/5704/5713/5707/9861/5700/7277/5528/7280/5692/5717/5719/10381/5708/5718/5518/3842/9793/5701/5516/1780/27183/5520/51143/5706/5702/5529/81565/23122/3796,Reactome,Microtubule organisation
R-HSA-68882,R-HSA-68882,Mitotic Anaphase,-1.756320204,0.030219117,10383/5705/5048/10376/9798/3837/5709/1778/5704/5713/5707/9861/5700/7277/5528/7280/5692/5717/5719/10381/5708/5718/5518/3842/9793/5701/5516/1780/27183/5520/51143/5706/5702/5529/81565/23122/3796,Reactome,Microtubule organisation
R-HSA-6811434,R-HSA-6811434,Copi-Dependent Golgi-To-ER Retrograde Traffic,-1.833802618,0.031752912,81876/10383/10376/8775/8774/5861/7277/7280/10381/375/63908/547/4905/381/3831/55605/3796,Reactome,Endoplasmic reticulum and secretory pathway
WP2267,WP2267,Synaptic Vesicle Pathway,-2.170554516,0.003980362,163/57030/161/6844/10815/6853/10814/1173/160/6854/4905/26052/6616/6804/10059/5864/6857/1759/6812,WP,Synaptic regulation
WP2806,WP2806,Complement System,2.046782902,0.003980362,718/720/3915/2266/3383/3673/811/3911,WP,Immune Response and Regulation
WP4658,WP4658,Small Cell Lung Cancer,2.044033018,0.003980362,3915/3913/3908/3673/3688/3911/3655,WP,Unclassified
WP2853,WP2853,Endoderm Differentiation,2.03585878,0.003980362,351/3915/1499/6772,WP,Endoplasmic reticulum and secretory pathway
WP111,WP111,Electron Transport Chain Oxphos System In Mitochondria,2.013539995,0.005459921,293/7385/7384/1329/4719/1340/291/1327/4704/9377,WP,Mitochondria and metabolism
WP5090,WP5090,Complement System In Neuronal Development And Plasticity,1.988648698,0.005762769,718/720/4155/3684/57088/3689,WP,Synaptic regulation
WP5561,WP5561,Integrative Analysis Of TREG Glial Interactions ,1.94723539,0.005762769,960/4340/5354/4162/347/3673/6772/4155,WP,Immune Response and Regulation
WP4549,WP4549,Fragile X Syndrome,-1.924026032,0.012269671,1211/5781/2561/5530/163/6529/26999/2534/2891/6455/1173/5605/160/5604/1212/6457/23236/2043/1759/814/5909/1845/1742/9456,WP,Synaptic regulation
WP2328,WP2328,Allograft Rejection,1.876148157,0.022216801,718/720/3123/6772,WP,Immune Response and Regulation
WP4172,WP4172,Pi3K AKT Signaling,1.733095651,0.041164793,1292/1291/1293/3915/3913/3908/3679/7143/3673/2246/3688/3911/55970/7184/3655/3691,WP,Apoptosis
